MONTH,BOROUGH,COMMUNITY DISTRICT,LOCATION TYPE,ORGANIC TONS,BOROUGH_ID
2026 / 03,Queens,1,Residential,195.7,4
2027 / 03,Queens,1,School,120,4
2028 / 03,Queens,,Residential,184.7,4
2029 / 03,Queens,,School,210.7,4
2030 / 03,Queens,3,Residential,157.7,4
2031 / 03,Queens,4,Residential,136.2,4
2032 / 03,Queens,5,Residential,220.2,4
2033 / 03,Queens,5,School,135.5,4
2034 / 03,Queens,6,Residential,162.4,4
2035 / 03,Queens,7,Residential,192.8,4
2036 / 03,Queens,7,School,110.5,4
2037 / 03,Queens,8,Residential,164.2,4
2038 / 03,Queens,9,Residential,162.3,4
2039 / 03,Queens,9,School,139.7,4
2040 / 03,Queens,10,Residential,144.5,4
2041 / 03,Queens,10,School,94.7,4
2042 / 03,Queens,1,Residential,195.7,4
2043 / 03,Queens,1,School,120,4
2044 / 03,Queens,,Residential,184.7,4
2045 / 03,Queens,,School,210.7,4
2046 / 03,Queens,3,Residential,157.7,4
2047 / 03,Queens,4,Residential,136.2,4
2048 / 03,Queens,5,Residential,220.2,4
2049 / 03,Queens,5,School,135.5,4
2050 / 03,Queens,6,Residential,162.4,4
2051 / 03,Queens,7,Residential,192.8,4
2052 / 03,Queens,7,School,110.5,4
2053 / 03,Queens,8,Residential,164.2,4
2054 / 03,Queens,9,Residential,162.3,4
2055 / 03,Queens,9,School,139.7,4
2026 / 03,Queens,10,Residential,144.5,4
2027 / 03,Queens,10,School,94.7,4
2026 / 03,Queens,11,Residential,280.2,4
2027 / 03,Queens,11,School,102.7,
2028 / 03,Queens,12,Residential,319.6,4
2029 / 03,Queens,12,School,89.2,
2030 / 03,Queens,13,Residential,174.4,4
2031 / 03,Queens,13,School,73,
2032 / 03,Queens,14,Residential,85,4
2026 / 02,Queens,1,Residential,138.6,4
2026 / 02,Queens,1,School,84.2,
2026 / 02,Queens,,School,138.2,4
2026 / 02,Queens,3,Residential,109.9,4
2026 / 02,Queens,4,Residential,100.6,4
2026 / 02,Queens,5,Residential,172.6,4
2026 / 02,Queens,6,Residential,100.4,4
2026 / 02,Queens,7,Residential,157.6,4
2026 / 02,,7,School,66.5,
2026 / 02,Queens,8,Residential,109.2,4
2026 / 02,Queens,9,Residential,159.3,4
2026 / 02,Queens,10,Residential,85.6,4
2026 / 02,,10,School,62.4,
2026 / 02,Queens,11,Residential,160.4,4
2026 / 02,,11,School,54.8,
2026 / 02,Queens,12,Residential,188.1,4
2026 / 02,,12,School,58.3,
2026 / 02,Queens,13,Residential,143.2,4
2026 / 02,,13,School,46.1,
2026 / 02,Queens,14,Residential,57,4
2026 / 01,Queens,1,Residential,201.4,4
2026 / 01,,1,School,115.5,
2026 / 01,Queens,,Residential,190.2,4
2026 / 01,,,School,170.8,
2026 / 01,Queens,3,Residential,170.7,4
2026 / 01,Queens,4,Residential,138.3,4
2026 / 01,Queens,5,Residential,242.5,4
2026 / 01,,5,School,112.3,
2026 / 01,Queens,6,Residential,148.9,4
2026 / 01,Queens,7,Residential,176,4
2026 / 01,,7,School,89.8,
2026 / 01,Queens,8,Residential,155.1,4
2026 / 01,Queens,9,Residential,200.4,4
2026 / 01,,9,School,110.6,
2026 / 01,Queens,10,Residential,119.2,4
2026 / 01,,10,School,86.4,
2026 / 01,Queens,11,Residential,222.7,4
2026 / 01,,11,School,81.7,
2026 / 01,Queens,12,Residential,256.9,4
2026 / 01,,12,School,74.7,
2026 / 01,Queens,13,Residential,168.9,4
2026 / 01,,13,School,55.2,
2026 / 01,Queens,14,Residential,90.7,4
2025 / 12,Queens,1,Residential,266.8,4
2025 / 12,,1,School,120.5,
2025 / 12,Queens,,Residential,212.5,4
2025 / 12,,,School,172.9,
2025 / 12,Queens,3,Residential,195.9,4
2025 / 12,Queens,4,Residential,159.6,4
2025 / 12,Queens,5,Residential,317.4,4
2025 / 12,,5,School,111.3,
2025 / 12,Queens,6,Residential,205.4,4
2025 / 12,,6,School,4.7,
2025 / 12,Queens,7,Residential,265.4,4
2025 / 12,Queens,8,Residential,249,4
2025 / 12,Queens,9,Residential,268.6,4
2025 / 12,,9,School,111.1,
2025 / 12,Queens,10,Residential,168,4
2025 / 12,,10,School,78.4,
2025 / 12,Queens,11,Residential,379.8,4
2025 / 12,,11,School,86.3,
2025 / 12,Queens,12,Residential,413.5,4
2025 / 12,,12,School,75.5,
2025 / 12,Queens,13,Residential,244.5,4
2025 / 12,,13,School,64.7,
2025 / 12,Queens,14,Residential,98.7,4
2025 / 11,Queens,1,Residential,296.8,4
2025 / 11,,1,School,122.1,
2025 / 11,Queens,2,Residential,221.9,4
2025 / 11,,2,School,167.8,
2025 / 11,Queens,3,Residential,231.5,4
2025 / 11,Queens,4,Residential,168.8,4
2025 / 11,Queens,5,Residential,443.8,4
2025 / 11,,5,School,105.3,
2025 / 11,Queens,6,Residential,305.5,4
2025 / 11,Queens,7,Residential,431.3,4
2025 / 11,,7,School,97.3,
2025 / 11,Queens,8,Residential,320.6,4
2025 / 11,Queens,9,Residential,386.2,4
2025 / 11,,9,School,114.8,
2025 / 11,Queens,10,Residential,225.3,4
2025 / 11,,10,School,70.7,
2025 / 11,Queens,11,Residential,612.4,4
2025 / 11,,11,School,82.9,
2025 / 11,Queens,12,Residential,615.2,4
2025 / 11,,12,School,72.4,
2025 / 11,Queens,13,Residential,345.4,4
2025 / 11,,13,School,68.3,
2025 / 11,Queens,14,Residential,111.6,4
2025 / 10,Queens,1,Residential,247.9,4
2025 / 10,,1,School,145.3,
2025 / 10,Queens,2,Residential,211.7,4
2025 / 10,,2,School,205.4,
2025 / 10,Queens,3,Residential,220,4
2025 / 10,Queens,4,Residential,176.4,4
2025 / 10,Queens,5,Residential,364.9,4
2025 / 10,,5,School,131.2,
2025 / 10,Queens,6,Residential,210,4
2025 / 10,Queens,7,Residential,307.5,4
2025 / 10,,7,School,114.1,
2025 / 10,Queens,8,Residential,218.8,4
2025 / 10,Queens,9,Residential,304.9,4
2025 / 10,,9,School,138.5,
2025 / 10,Queens,10,Residential,184.2,4
2025 / 10,,10,School,97.8,
2025 / 10,Queens,11,Residential,377.9,4
2025 / 10,,11,School,101.1,
2025 / 10,Queens,12,Residential,461.1,4
2025 / 10,Queens,13,Residential,244.4,4
2025 / 10,,13,School,79.6,
2025 / 10,Queens,14,Residential,110.3,4
2025 / 09,Queens,1,Residential,221.3,4
2025 / 09,,1,School,121.6,
2025 / 09,Queens,2,Residential,189.4,4
2025 / 09,,2,School,168.3,
2025 / 09,Queens,3,Residential,173,4
2025 / 09,Queens,4,Residential,164.6,4
2025 / 09,Queens,5,Residential,346.4,4
2025 / 09,,5,School,112.9,
2025 / 09,Queens,6,Residential,197.8,4
2025 / 09,Queens,7,Residential,288.1,4
2025 / 09,,7,School,95.7,
2025 / 09,Queens,8,Residential,202.9,4
2025 / 09,Queens,9,Residential,263.3,4
2025 / 09,,9,School,104.8,
2025 / 09,Queens,10,Residential,161.8,4
2025 / 09,,10,School,79.5,
2025 / 09,Queens,11,Residential,357.3,4
2025 / 09,,11,School,83.2,
2025 / 09,Queens,12,Residential,434,4
2025 / 09,,12,School,75.7,
2025 / 09,Queens,13,Residential,235.2,4
2025 / 09,,13,School,69.6,
2025 / 09,Queens,14,Residential,102.4,4
2025 / 08,Queens,1,Residential,235.6,4
2025 / 08,,1,School,23.3,
2025 / 08,Queens,2,Residential,187.3,4
2025 / 08,Queens,3,Residential,191.3,4
2025 / 08,Queens,4,Residential,174.4,4
2025 / 08,Queens,5,Residential,350.9,4
2025 / 08,,5,School,54.6,
2025 / 08,Queens,6,Residential,202.1,4
2025 / 08,Queens,7,Residential,304.6,4
2025 / 08,,7,School,23.6,
2025 / 08,Queens,8,Residential,201.2,4
2025 / 08,Queens,9,Residential,266.4,4
2025 / 08,Queens,10,Residential,197.8,4
2025 / 08,,10,School,21.3,
2025 / 08,Queens,11,Residential,360.8,4
2025 / 08,Queens,12,Residential,421.4,4
2025 / 08,,12,School,20.1,
2025 / 08,Queens,13,Residential,256.6,4
2025 / 08,Queens,14,Residential,118.2,4
2025 / 07,Queens,1,Residential,279,
2025 / 07,,1,School,54.2,
2025 / 07,Queens,2,Residential,204.4,
2025 / 07,Queens,3,Residential,206.1,
2025 / 07,Queens,4,Residential,183.8,
2025 / 07,Queens,5,Residential,416.1,
2025 / 07,,5,School,97.5,
2025 / 07,Queens,6,Residential,206.4,
2025 / 07,Queens,7,Residential,356.1,
2025 / 07,,7,School,50.3,
2025 / 07,Queens,8,Residential,225.3,
2025 / 07,Queens,9,Residential,293.3,
2025 / 07,Queens,10,Residential,230.4,
2025 / 07,,10,School,42.4,
2025 / 07,Queens,11,Residential,422.7,
2025 / 07,Queens,12,Residential,505.2,
2025 / 07,,12,School,28.9,
2025 / 07,Queens,13,Residential,337.7,
2025 / 07,,13,School,11.4,
2025 / 07,Queens,14,Residential,139.1,
2025 / 06,Queens,1,Residential,286.8,
2025 / 06,,1,School,113.6,
2025 / 06,Queens,2,Residential,198.6,
2025 / 06,,2,School,179.4,
2025 / 06,Queens,3,Residential,179.7,
2025 / 06,Queens,4,Residential,177.8,
2025 / 06,Queens,5,Residential,419.1,
2025 / 06,,5,School,128.6,
2025 / 06,Queens,6,Residential,201.9,
2025 / 06,Queens,7,Residential,376.4,
2025 / 06,,7,School,86.9,
2025 / 06,Queens,8,Residential,250.3,
2025 / 06,Queens,9,Residential,316,
2025 / 06,,9,School,114.5,
2025 / 06,Queens,10,Residential,257.4,
2025 / 06,,10,School,68.9,
2025 / 06,Queens,11,Residential,413.4,
2025 / 06,,11,School,61.8,
2025 / 06,Queens,12,Residential,496.7,4
2025 / 06,,12,School,65.4,
2025 / 06,Queens,13,Residential,375.5,4
2025 / 06,,13,School,57.3,
2025 / 05,Queens,1,Residential,287.1,4
2025 / 05,,1,School,167.7,
2025 / 05,Queens,2,Residential,209.9,4
2025 / 05,,2,School,223.8,
2025 / 05,Queens,3,Residential,202.3,4
2025 / 05,Queens,4,Residential,191,4
2025 / 05,Queens,5,Residential,454.7,4
2025 / 05,,5,School,137.3,
2025 / 05,Queens,6,Residential,226.3,4
2025 / 05,Queens,7,Residential,493.8,4
2025 / 05,,7,School,110.4,
2025 / 05,Queens,8,Residential,329.8,4
2025 / 05,Queens,9,Residential,343.6,4
2025 / 05,,9,School,149.4,
2025 / 05,Queens,10,Residential,324.5,4
2025 / 05,,10,School,89,
2025 / 05,Queens,11,Residential,473,4
2025 / 05,,11,School,94.7,
2025 / 05,Queens,12,Residential,547.6,4
2025 / 05,,12,School,89.5,
2025 / 05,Queens,13,Residential,452.6,4
2025 / 05,,13,School,78.9,
2025 / 05,Queens,14,Residential,154.2,4
2025 / 04,Queens,1,Residential,206.1,4
2025 / 04,,1,School,148.7,
2025 / 04,Queens,2,Residential,153.1,4
2025 / 04,,2,School,184.2,
2025 / 04,Queens,4,Residential,141.1,4
2025 / 04,Queens,5,Residential,353.5,4
2025 / 04,,5,School,109.6,
2025 / 04,Queens,6,Residential,146,4
2025 / 04,Queens,7,Residential,377.8,4
2025 / 04,,7,School,111.9,
2025 / 04,Queens,8,Residential,244.9,4
2025 / 04,Queens,9,Residential,256.7,4
2025 / 04,,9,School,116.4,
2025 / 04,Queens,10,Residential,235.2,4
2025 / 04,,10,School,74.4,
2025 / 04,Queens,11,Residential,326.7,4
2025 / 04,,11,School,77.3,
2025 / 04,Queens,12,Residential,338.4,4
2025 / 04,,12,School,75,
2025 / 04,Queens,13,Residential,362.6,4
2025 / 04,,13,School,57.3,
2025 / 04,Queens,14,Residential,104.3,4
2025 / 03,Queens,1,Residential,83.2,4
2025 / 03,,1,School,200.8,
2025 / 03,Queens,2,Residential,45,4
2025 / 03,,2,School,2043,
2025 / 03,Queens,3,Residential,43.1,4
2025 / 03,Queens,4,Residential,24.2,4
2025 / 03,Queens,5,Residential,78.1,4
2025 / 03,,5,School,120.8,
2025 / 03,Queens,6,Residential,62.9,4
2025 / 03,Queens,7,Residential,73.9,4
2025 / 03,,7,School,155.6,
2025 / 03,Queens,8,Residential,83.1,4
2025 / 03,Queens,9,Residential,80.6,4
2025 / 03,,9,School,106.4,
2025 / 03,Queens,10,Residential,24.7,4
2025 / 03,,10,School,80.8,
2025 / 03,Queens,11,Residential,76.9,4
2025 / 03,,11,School,87.3,
2025 / 03,Queens,12,Residential,160.2,4
2025 / 03,,12,School,86.6,
2025 / 03,Queens,13,Residential,66.2,4
2025 / 03,,13,School,66.9,
2025 / 03,Queens,14,Residential,42.8,4
2025 / 02,Queens,1,Residential,49.5,4
2025 / 02,,1,School,173.2,
2025 / 02,Queens,2,Residential,32.3,4
2025 / 02,,2,School,162.7,
2025 / 02,Queens,3,Residential,34,4
2025 / 02,Queens,4,Residential,18.5,4
2025 / 02,Queens,5,Residential,44.9,4
2025 / 02,,5,School,84.8,
2025 / 02,Queens,6,Residential,37.8,4
2025 / 02,Queens,7,Residential,37.7,4
2025 / 02,,7,School,116.2,
2025 / 02,Queens,8,Residential,49.5,4
2025 / 02,Queens,9,Residential,58.2,4
2025 / 02,,9,School,71.3,
2025 / 02,Queens,10,Residential,26.6,4
2025 / 02,,10,School,65.2,
2025 / 02,Queens,11,Residential,39.9,4
2025 / 02,,11,School,68.3,
2025 / 02,Queens,12,Residential,75,4
2025 / 02,,12,School,66.6,
2025 / 02,Queens,13,Residential,53,4
2025 / 02,,13,School,51.3,
2025 / 02,Queens,14,Residential,30.2,4
2025 / 01,Queens,1,Residential,90.2,4
2025 / 01,,1,School,214,
2025 / 01,Queens,2,Residential,51.4,4
2025 / 01,,2,School,208.5,
2025 / 01,Queens,3,Residential,50.3,4
2025 / 01,Queens,4,Residential,26.7,4
2025 / 01,Queens,5,Residential,76.3,4
2025 / 01,,5,School,112.9,
2025 / 01,Queens,6,Residential,57.1,4
2025 / 01,Queens,7,Residential,54.3,4
2025 / 01,,7,School,148.4,
2025 / 01,Queens,8,Residential,70.7,4
2025 / 01,Queens,9,Residential,68.6,4
2025 / 01,,9,School,107,
2025 / 01,Queens,10,Residential,31,4
2025 / 01,,10,School,80.6,
2025 / 01,Queens,11,Residential,63.5,4
2025 / 01,,11,School,92,
2025 / 01,Queens,12,Residential,119.2,4
2025 / 01,,12,School,82.4,
2025 / 01,Queens,13,Residential,60.4,4
2025 / 01,,13,School,60.2,
2025 / 01,Queens,14,Residential,44.2,4
2024 / 12,Queens,1,Residential,97.5,4
2024 / 12,,1,School,183.2,
2024 / 12,Queens,2,Residential,51,4
2024 / 12,,2,School,165.3,
2024 / 12,Queens,3,Residential,55.1,4
2024 / 12,Queens,4,Residential,31.7,4
2024 / 12,Queens,5,Residential,100.2,4
2024 / 12,,5,School,84.1,
2024 / 12,Queens,6,Residential,97.7,4
2024 / 12,Queens,7,Residential,105.2,4
2024 / 12,,7,School,114.7,
2024 / 12,Queens,8,Residential,130.9,4
2024 / 12,Queens,9,Residential,115.5,4
2024 / 12,,9,School,93.7,
2024 / 12,Queens,10,Residential,42.3,4
2024 / 12,,10,School,66.2,
2024 / 12,Queens,11,Residential,123.4,4
2024 / 12,,11,School,75,
2024 / 12,Queens,12,Residential,264.9,4
2024 / 12,,12,School,79,
2024 / 12,Queens,13,Residential,90.2,4
2024 / 12,,13,School,50,
2024 / 12,Queens,14,Residential,45.1,4
2024 / 11,Queens,1,Residential,129.9,4
2024 / 11,,1,School,185.6,
2024 / 11,Queens,2,Residential,62.5,4
2024 / 11,,2,School,179.2,
2024 / 11,Queens,3,Residential,70.6,4
2024 / 11,Queens,4,Residential,41.1,4
2024 / 11,Queens,5,Residential,154,4
2024 / 11,,5,School,104.9,
2024 / 11,Queens,6,Residential,151.4,4
2024 / 11,Queens,7,Residential,193.7,4
2024 / 11,,7,School,114.8,
2024 / 11,Queens,8,Residential,177.1,4
2024 / 11,Queens,9,Residential,179.2,4
2024 / 11,,9,School,100.3,
2024 / 11,Queens,10,Residential,68.6,4
2024 / 11,,10,School,66.4,
2024 / 11,Queens,11,Residential,233.8,4
2024 / 11,,11,School,85,
2024 / 11,Queens,12,Residential,454.8,4
2024 / 11,,12,School,84.4,
2024 / 11,Queens,13,Residential,158,4
2024 / 11,,13,School,59.3,
2024 / 11,Queens,14,Residential,71.7,4
2024 / 10,Queens,1,Residential,91.4,4
2024 / 10,,1,School,231.7,
2024 / 10,Queens,2,Residential,43.3,4
2024 / 10,,2,School,224.6,
2024 / 10,Queens,3,Residential,45.1,4
2024 / 10,Queens,4,Residential,34.2,4
2024 / 10,Queens,5,Residential,103.8,4
2024 / 10,,5,School,126.4,
2024 / 10,Queens,6,Residential,89.9,4
2024 / 10,Queens,7,Residential,109.6,4
2024 / 10,,7,School,152.4,
2024 / 10,Queens,8,Residential,93.5,4
2024 / 10,Queens,9,Residential,119.1,4
2024 / 10,,9,School,130.2,
2024 / 10,Queens,10,Residential,42.7,4
2024 / 10,,10,School,95.7,
2024 / 10,Queens,11,Residential,115.1,4
2024 / 10,,11,School,105.7,
2024 / 10,Queens,12,Residential,288.1,4
2024 / 10,,12,School,117.7,
2024 / 10,Queens,13,Residential,90.3,4
2024 / 10,,13,School,75,
2024 / 10,Queens,14,Residential,61.3,4
2024 / 09,Queens,1,Residential,56.9,4
2024 / 09,,1,School,191.3,
2024 / 09,Queens,2,Residential,29.1,4
2024 / 09,,2,School,196.7,
2024 / 09,Queens,3,Residential,33.7,4
2024 / 09,Queens,4,Residential,25.3,4
2024 / 09,Queens,5,Residential,62,4
2024 / 09,,5,School,113.8,
2024 / 09,Queens,6,Residential,55.4,4
2024 / 09,Queens,7,Residential,74.1,4
2024 / 09,,7,School,141.5,
2024 / 09,Queens,8,Residential,53.8,4
2024 / 09,Queens,9,Residential,71.7,4
2024 / 09,,9,School,112.1,
2024 / 09,Queens,10,Residential,29.2,4
2024 / 09,,10,School,73,
2024 / 09,Queens,11,Residential,61.7,4
2024 / 09,,11,School,79.7,
2024 / 09,Queens,12,Residential,207,4
2024 / 09,,12,School,95,
2024 / 09,Queens,13,Residential,56.4,4
2024 / 09,,13,School,54.6,
2024 / 09,Queens,14,Residential,54.7,4
2024 / 08,Queens,1,Residential,87.2,4
2024 / 08,,1,School,38.7,
2024 / 08,Queens,2,Residential,35.7,4
2024 / 08,Queens,3,Residential,41.9,4
2024 / 08,Queens,4,Residential,30.8,4
2024 / 08,Queens,5,Residential,69,4
2024 / 08,,5,School,56,
2024 / 08,Queens,6,Residential,63.5,4
2024 / 08,Queens,7,Residential,65.6,4
2024 / 08,,7,School,47.9,
2024 / 08,Queens,8,Residential,75,4
2024 / 08,Queens,9,Residential,89.9,4
2024 / 08,Queens,10,Residential,31.6,4
2024 / 08,,10,School,21.2,
2024 / 08,Queens,11,Residential,73,4
2024 / 08,Queens,12,Residential,291.4,4
2024 / 08,Queens,13,Residential,71,4
2024 / 08,,13,School,16.5,
2024 / 08,Queens,14,Residential,70.8,4
2024 / 07,Queens,1,Residential,94.3,4
2024 / 07,,1,School,77.5,
2024 / 07,Queens,2,Residential,32.7,4
2024 / 07,Queens,3,Residential,35,4
2024 / 07,Queens,4,Residential,28.1,4
2024 / 07,Queens,5,Residential,78.6,4
2024 / 07,,5,School,109.5,
2024 / 07,Queens,6,Residential,52.7,4
2024 / 07,Queens,7,Residential,70.6,4
2024 / 07,,7,School,89.9,
2024 / 07,Queens,8,Residential,73.1,4
2024 / 07,Queens,9,Residential,86,4
2024 / 07,Queens,10,Residential,35.6,4
2024 / 07,,10,School,40,
2024 / 07,Queens,11,Residential,71.2,4
2024 / 07,Queens,12,Residential,249.5,4
2024 / 07,Queens,13,Residential,93.4,4
2024 / 07,,13,School,36.7,
2024 / 07,Queens,14,Residential,60.7,4
2024 / 06,Queens,1,Residential,84.4,4
2024 / 06,,1,School,178.1,
2024 / 06,Queens,2,Residential,37.5,4
2024 / 06,,2,School,160.6,
2024 / 06,Queens,3,Residential,37.5,4
2024 / 06,Queens,4,Residential,28.9,4
2024 / 06,Queens,5,Residential,73,4
2024 / 06,,5,School,107.9,
2024 / 06,Queens,6,Residential,63,4
2024 / 06,Queens,7,Residential,77.6,4
2024 / 06,,7,School,139.9,
2024 / 06,Queens,8,Residential,65.8,4
2024 / 06,,8,School,5.3,
2024 / 06,Queens,9,Residential,98.7,4
2024 / 06,,9,School,90.7,
2024 / 06,Queens,10,Residential,31.7,4
2024 / 06,,10,School,55.7,
2024 / 06,Queens,11,Residential,79.5,4
2024 / 06,,11,School,58.1,
2024 / 06,Queens,12,Residential,289.3,4
2024 / 06,,12,School,84.5,
2024 / 06,Queens,13,Residential,85.5,4
2024 / 06,,13,School,42.2,
2024 / 06,Queens,14,Residential,68,4
2024 / 05,Queens,1,Residential,85.7,4
2024 / 05,,1,School,265.7,
2024 / 05,Queens,2,Residential,39.8,4
2024 / 05,,2,School,239.2,
2024 / 05,Queens,3,Residential,41.4,4
2024 / 05,Queens,4,Residential,29.1,4
2024 / 05,Queens,5,Residential,89.4,4
2024 / 05,,5,School,137.2,
2024 / 05,Queens,6,Residential,70.3,4
2024 / 05,Queens,7,Residential,101.7,4
2024 / 05,,7,School,199.9,
2024 / 05,Queens,8,Residential,96.5,4
2024 / 05,,8,School,5.4,
2024 / 05,Queens,9,Residential,96.8,4
2024 / 05,,9,School,137.7,
2024 / 05,Queens,10,Residential,43.1,4
2024 / 05,,10,School,92.6,
2024 / 05,Queens,11,Residential,100.1,4
2024 / 05,,11,School,91,
2024 / 05,Queens,12,Residential,341.8,4
2024 / 05,,12,School,121.2,
2024 / 05,Queens,13,Residential,91.9,4
2024 / 05,,13,School,65.3,
2024 / 05,Queens,14,Residential,75.9,4
2024 / 04,Queens,1,Residential,69.7,4
2024 / 04,,1,School,135.4,
2024 / 04,Queens,2,Residential,35.5,4
2024 / 04,,2,School,143.8,
2024 / 04,Queens,3,Residential,32.3,4
2024 / 04,Queens,4,Residential,23.3,4
2024 / 04,Queens,5,Residential,74.7,4
2024 / 04,,5,School,85.4,
2024 / 04,Queens,6,Residential,45.7,4
2024 / 04,Queens,7,Residential,73.4,4
2024 / 04,,7,School,114.8,
2024 / 04,Queens,8,Residential,68,4
2024 / 04,,8,School,4.2,
2024 / 04,Queens,9,Residential,81.7,4
2024 / 04,,9,School,88.2,
2024 / 04,Queens,10,Residential,27.6,4
2024 / 04,,10,School,53.7,
2024 / 04,Queens,11,Residential,72.2,4
2024 / 04,,11,School,53.5,
2024 / 04,Queens,12,Residential,176,4
2024 / 04,,12,School,71.1,
2024 / 04,Queens,13,Residential,73.6,4
2024 / 04,,13,School,35.3,
2024 / 04,Queens,14,Residential,47.8,4
2024 / 03,Queens,1,Residential,74.2,4
2024 / 03,,1,School,20.6,
2024 / 03,Queens,2,Residential,32.5,4
2024 / 03,,2,School,241.3,
2024 / 03,Queens,3,Residential,33.8,4
2024 / 03,Queens,4,Residential,24.1,4
2024 / 03,Queens,5,Residential,58.5,4
2024 / 03,,5,School,130,
2024 / 03,Queens,6,Residential,45.2,4
2024 / 03,Queens,7,Residential,70.4,4
2024 / 03,,7,School,173.6,
2024 / 03,Queens,8,Residential,54.5,4
2024 / 03,,8,School,1.8,
2024 / 03,Queens,9,Residential,78.2,4
2024 / 03,,9,School,131.8,
2024 / 03,Queens,10,Residential,22.1,4
2024 / 03,,10,School,72,
2024 / 03,Queens,11,Residential,68.2,4
2024 / 03,,11,School,71,
2024 / 03,Queens,12,Residential,115.7,4
2024 / 03,,12,School,103.8,
2024 / 03,Queens,13,Residential,53.1,4
2024 / 03,,13,School,50.5,
2024 / 03,Queens,14,Residential,47.8,4
2024 / 02,Queens,1,Residential,55.9,4
2024 / 02,Queens,2,Residential,26.2,4
2024 / 02,,2,School,167.9,
2024 / 02,Queens,3,Residential,26.8,4
2024 / 02,Queens,4,Residential,17.1,4
2024 / 02,Queens,5,Residential,40.3,4
2024 / 02,,5,School,94.3,
2024 / 02,Queens,6,Residential,29.1,4
2024 / 02,Queens,7,Residential,62.3,4
2024 / 02,,7,School,119.3,
2024 / 02,Queens,8,Residential,58.2,4
2024 / 02,,8,School,1.4,
2024 / 02,Queens,9,Residential,71.1,4
2024 / 02,,9,School,93,
2024 / 02,Queens,10,Residential,37.1,4
2024 / 02,,10,School,56.2,
2024 / 02,Queens,11,Residential,56,4
2024 / 02,,11,School,52.6,
2024 / 02,Queens,12,Residential,93.2,4
2024 / 02,,12,School,76.2,
2024 / 02,Queens,13,Residential,73.4,4
2024 / 02,,13,School,43,
2024 / 02,Queens,14,Residential,35.1,4
2024 / 01,Queens,1,Residential,93.9,4
2024 / 01,Queens,2,Residential,49.7,4
2024 / 01,,2,School,226.1,
2024 / 01,Queens,3,Residential,34.3,4
2024 / 01,Queens,4,Residential,23.7,4
2024 / 01,Queens,5,Residential,60.4,4
2024 / 01,,5,School,133.8,
2024 / 01,Queens,6,Residential,50,4
2024 / 01,Queens,7,Residential,86.7,4
2024 / 01,,7,School,122.5,
2024 / 01,Queens,8,Residential,78.7,4
2024 / 01,Queens,9,Residential,105.2,4
2024 / 01,,9,School,127.5,
2024 / 01,Queens,10,Residential,75.6,4
2024 / 01,,10,School,57.2,
2024 / 01,Queens,11,Residential,87.9,4
2024 / 01,,11,School,76.9,
2024 / 01,Queens,12,Residential,132.3,4
2024 / 01,,12,School,80.7,
2024 / 01,Queens,13,Residential,93.3,4
2024 / 01,,13,School,46.5,
2024 / 01,Queens,14,Residential,71.3,4
2023 / 12,Queens,1,Residential,97.6,4
2023 / 12,Queens,2,Residential,42.3,4
2023 / 12,,2,School,178.6,
2023 / 12,Queens,3,Residential,38.9,4
2023 / 12,Queens,4,Residential,27.1,4
2023 / 12,Queens,5,Residential,87.5,4
2023 / 12,,5,School,112.5,
2023 / 12,Queens,6,Residential,93.1,4
2023 / 12,Queens,7,Residential,125.1,4
2023 / 12,Queens,8,Residential,97.2,4
2023 / 12,Queens,9,Residential,121.9,4
2023 / 12,,9,School,107.2,
2023 / 12,Queens,10,Residential,62.8,4
2023 / 12,Queens,11,Residential,160.1,4
2023 / 12,,11,School,73,
2023 / 12,Queens,12,Residential,321.1,4
2023 / 12,Queens,13,Residential,120.7,4
2023 / 12,Queens,14,Residential,51.4,4
2023 / 11,Queens,1,Residential,112.9,4
2023 / 11,Queens,2,Residential,50.3,4
2023 / 11,,2,School,206.3,
2023 / 11,Queens,3,Residential,46.2,4
2023 / 11,Queens,4,Residential,33.8,4
2023 / 11,Queens,5,Residential,151.8,4
2023 / 11,,5,School,119.5,
2023 / 11,Queens,6,Residential,139.9,4
2023 / 11,Queens,7,Residential,190.7,4
2023 / 11,Queens,8,Residential,110.2,4
2023 / 11,Queens,9,Residential,197.5,4
2023 / 11,,9,School,124.4,
2023 / 11,Queens,10,Residential,98.3,4
2023 / 11,Queens,11,Residential,222.6,4
2023 / 11,,11,School,79.9,
2023 / 11,Queens,12,Residential,412.2,4
2023 / 11,Queens,13,Residential,170.6,4
2023 / 11,Queens,14,Residential,67,4
2023 / 10,Queens,1,Residential,88.7,4
2023 / 10,Queens,2,Residential,38.1,4
2023 / 10,,2,School,231,
2023 / 10,Queens,3,Residential,34.4,4
2023 / 10,Queens,4,Residential,25,4
2023 / 10,Queens,5,Residential,101.1,4
2023 / 10,,5,School,133.4,
2023 / 10,Queens,6,Residential,66.3,4
2023 / 10,Queens,7,Residential,124.8,4
2023 / 10,Queens,8,Residential,76.4,4
2023 / 10,Queens,9,Residential,147.5,4
2023 / 10,,9,School,146.3,
2023 / 10,Queens,10,Residential,61.7,4
2023 / 10,Queens,11,Residential,134.3,4
2023 / 10,,11,School,100.4,
2023 / 10,Queens,12,Residential,246.2,4
2023 / 10,Queens,13,Residential,121,4
2023 / 10,Queens,14,Residential,61.3,4
2023 / 09,Queens,1,Residential,83.5,4
2023 / 09,Queens,2,Residential,27.9,4
2023 / 09,,2,School,178.1,
2023 / 09,Queens,3,Residential,33,4
2023 / 09,Queens,4,Residential,23.8,4
2023 / 09,Queens,5,Residential,81.8,4
2023 / 09,Queens,6,Residential,47.6,4
2023 / 09,Queens,7,Residential,101.9,4
2023 / 09,Queens,8,Residential,57,4
2023 / 09,Queens,9,Residential,113.4,4
2023 / 09,,9,School,92.6,
2023 / 09,Queens,10,Residential,45.7,4
2023 / 09,Queens,11,Residential,93,4
2023 / 09,,11,School,70.5,
2023 / 09,Queens,12,Residential,241.7,4
2023 / 09,Queens,13,Residential,120.7,4
2023 / 09,Queens,14,Residential,71.7,4
2023 / 08,Queens,1,Residential,93.4,4
2023 / 08,Queens,2,Residential,34.5,4
2023 / 08,Queens,3,Residential,35.6,4
2023 / 08,Queens,4,Residential,25.4,4
2023 / 08,Queens,5,Residential,101.1,4
2023 / 08,Queens,6,Residential,53.7,4
2023 / 08,Queens,7,Residential,122.2,4
2023 / 08,Queens,8,Residential,60.9,4
2023 / 08,Queens,9,Residential,135.2,4
2023 / 08,Queens,10,Residential,65.1,4
2023 / 08,Queens,11,Residential,106.6,4
2023 / 08,Queens,12,Residential,244.6,4
2023 / 08,Queens,13,Residential,153,4
2023 / 08,Queens,14,Residential,69.8,4
2023 / 07,Queens,1,Residential,90.3,4
2023 / 07,Queens,2,Residential,34.8,4
2023 / 07,Queens,3,Residential,33.3,4
2023 / 07,Queens,4,Residential,24.2,4
2023 / 07,Queens,5,Residential,92.8,4
2023 / 07,Queens,6,Residential,49.7,4
2023 / 07,Queens,7,Residential,101.5,4
2023 / 07,Queens,8,Residential,60.5,4
2023 / 07,Queens,9,Residential,142.5,4
2023 / 07,Queens,10,Residential,63,4
2023 / 07,Queens,11,Residential,102.6,4
2023 / 07,Queens,12,Residential,250.8,4
2023 / 07,Queens,13,Residential,158.9,4
2023 / 07,Queens,14,Residential,74.7,4
2023 / 06,Queens,1,Residential,84.5,4
2023 / 06,Queens,2,Residential,37.8,4
2023 / 06,,2,School,203.7,
2023 / 06,Queens,3,Residential,37.7,4
2023 / 06,Queens,4,Residential,27.8,4
2023 / 06,Queens,5,Residential,88.6,4
2023 / 06,,5,School,123.3,
2023 / 06,Queens,6,Residential,56.5,4
2023 / 06,Queens,7,Residential,111.9,4
2023 / 06,Queens,8,Residential,68.2,4
2023 / 06,Queens,9,Residential,133.5,4
2023 / 06,,9,School,98.4,
2023 / 06,Queens,10,Residential,66.3,4
2023 / 06,Queens,11,Residential,109.8,4
2023 / 06,,11,School,61.7,
2023 / 06,Queens,12,Residential,271.6,4
2023 / 06,Queens,13,Residential,167.8,4
2023 / 06,Queens,14,Residential,77.3,4
2023 / 05,Queens,1,Residential,93.7,4
2023 / 05,Queens,2,Residential,36.3,4
2023 / 05,,2,School,243.7,
2023 / 05,Queens,3,Residential,34.9,4
2023 / 05,Queens,4,Residential,23.3,4
2023 / 05,Queens,5,Residential,105.2,4
2023 / 05,,5,School,153.1,
2023 / 05,Queens,6,Residential,54,4
2023 / 05,Queens,7,Residential,139.3,4
2023 / 05,Queens,8,Residential,75.4,4
2023 / 05,Queens,9,Residential,143,4
2023 / 05,,9,School,144.5,
2023 / 05,Queens,10,Residential,71.1,4
2023 / 05,Queens,11,Residential,138.2,4
2023 / 05,,11,School,86.7,
2023 / 05,Queens,12,Residential,285.4,4
2023 / 05,Queens,13,Residential,185.1,4
2023 / 05,Queens,14,Residential,75.3,4
2023 / 04,Queens,1,Residential,76.5,4
2023 / 04,Queens,2,Residential,33.4,4
2023 / 04,,2,School,143.2,
2023 / 04,Queens,3,Residential,29.1,4
2023 / 04,Queens,4,Residential,20.3,4
2023 / 04,Queens,5,Residential,95.5,4
2023 / 04,,5,School,98.2,
2023 / 04,Queens,6,Residential,50,4
2023 / 04,Queens,7,Residential,117.2,4
2023 / 04,Queens,8,Residential,78.5,4
2023 / 04,Queens,9,Residential,106,4
2023 / 04,,9,School,88,
2023 / 04,Queens,10,Residential,54.9,4
2023 / 04,Queens,11,Residential,136.3,4
2023 / 04,,11,School,47.3,
2023 / 04,Queens,12,Residential,207.9,4
2023 / 04,Queens,13,Residential,151.4,4
2023 / 04,Queens,14,Residential,65.5,4
2023 / 03,Queens,1,Residential,14.3,4
2023 / 03,Queens,2,Residential,4.2,4
2023 / 03,,2,School,236.5,
2023 / 03,Queens,3,Residential,4.9,4
2023 / 03,Queens,4,Residential,5,4
2023 / 03,Queens,5,Residential,15.7,4
2023 / 03,,5,School,168,
2023 / 03,Queens,6,Residential,7.6,4
2023 / 03,Queens,7,Residential,23.4,4
2023 / 03,Queens,8,Residential,14.4,4
2023 / 03,Queens,9,Residential,16.3,4
2023 / 03,,9,School,140.2,
2023 / 03,Queens,10,Residential,6.7,4
2023 / 03,Queens,11,Residential,25.3,4
2023 / 03,,11,School,84.9,
2023 / 03,Queens,12,Residential,19.7,4
2023 / 03,Queens,13,Residential,21.1,4
2023 / 03,Queens,14,Residential,7.8,4
2023 / 02,Queens,2,School,155,4
2023 / 02,Queens,5,School,116.4,4
2023 / 02,Queens,9,School,93.8,4
2023 / 02,Queens,11,School,55.8,4
2023 / 01,Queens,2,School,201.6,4
2023 / 01,Queens,5,School,139.8,4
2023 / 01,Queens,9,School,128.8,4
2023 / 01,Queens,11,School,72,4
2022 / 12,Queens,1,Residential,104.3,4
2022 / 12,Queens,2,Residential,38.9,4
2022 / 12,,2,School,184.3,
2022 / 12,Queens,3,Residential,37.9,4
2022 / 12,Queens,4,Residential,25.9,4
2022 / 12,Queens,5,Residential,106.4,4
2022 / 12,,5,School,133,
2022 / 12,Queens,6,Residential,103.3,4
2022 / 12,Queens,7,Residential,146.9,4
2022 / 12,Queens,8,Residential,143,4
2022 / 12,Queens,9,Residential,137.7,4
2022 / 12,,9,School,122,
2022 / 12,Queens,10,Residential,127.1,4
2022 / 12,Queens,11,Residential,175.5,4
2022 / 12,,11,School,67.3,
2022 / 12,Queens,12,Residential,354.9,4
2022 / 12,Queens,13,Residential,204.6,4
2022 / 12,Queens,14,Residential,79.7,4
2022 / 11,Queens,1,Residential,140.8,4
2022 / 11,Queens,2,Residential,55.5,4
2022 / 11,,2,School,191.7,
2022 / 11,Queens,3,Residential,68.8,4
2022 / 11,Queens,4,Residential,51.8,4
2022 / 11,Queens,5,Residential,216.7,4
2022 / 11,,5,School,135.5,
2022 / 11,Queens,6,Residential,165.8,4
2022 / 11,Queens,7,Residential,381.2,4
2022 / 11,Queens,8,Residential,216.1,4
2022 / 11,Queens,9,Residential,276.7,4
2022 / 11,,9,School,126.5,
2022 / 11,Queens,10,Residential,219.4,4
2022 / 11,Queens,11,Residential,418.1,4
2022 / 11,,11,School,75.4,
2022 / 11,Queens,12,Residential,544.3,4
2022 / 11,Queens,13,Residential,329.9,4
2022 / 11,Queens,14,Residential,127.1,4
2022 / 10,Queens,1,Residential,56.7,4
2022 / 10,Queens,2,Residential,29.6,4
2022 / 10,,2,School,226.5,
2022 / 10,Queens,3,Residential,33,4
2022 / 10,Queens,4,Residential,26.7,4
2022 / 10,Queens,5,Residential,104.4,4
2022 / 10,,5,School,140,
2022 / 10,Queens,6,Residential,64.3,4
2022 / 10,Queens,7,Residential,181,4
2022 / 10,Queens,8,Residential,90.2,4
2022 / 10,Queens,9,Residential,118.3,4
2022 / 10,,9,School,128.1,
2022 / 10,Queens,10,Residential,98.8,4
2022 / 10,Queens,11,Residential,131.1,4
2022 / 10,,11,School,68,
2022 / 10,Queens,12,Residential,219.9,4
2022 / 10,Queens,13,Residential,173.2,4
2022 / 10,Queens,14,Residential,70.6,4
2022 / 09,Queens,2,Residential,133.5,4
2022 / 09,Queens,5,Residential,92.9,4
2022 / 09,Queens,9,Residential,62.9,4
2022 / 09,Queens,11,Residential,57.2,4
2022 / 06,Queens,2,Residential,229.6,4
2022 / 06,Queens,5,Residential,134.9,4
2022 / 06,Queens,9,Residential,121.5,4
2022 / 06,Queens,11,Residential,74.7,4
2022 / 05,Queens,2,Residential,213.3,4
2022 / 05,Queens,5,Residential,136.1,4
2022 / 05,Queens,9,Residential,138.9,4
2022 / 05,Queens,11,Residential,79.2,4
2022 / 04,Queens,2,Residential,144.7,4
2022 / 04,Queens,5,Residential,107.4,4
2022 / 04,Queens,9,Residential,108.5,4
2022 / 04,Queens,11,Residential,54.8,4
2022 / 03,Queens,2,Residential,197.8,4
2022 / 03,Queens,5,Residential,153.6,4
2022 / 03,Queens,9,Residential,158.7,4
2022 / 03,Queens,11,Residential,96.1,4
2022 / 02,Queens,2,Residential,63.7,4
2022 / 02,Queens,5,Residential,47.6,4
2022 / 02,Queens,9,Residential,64.3,4
2022 / 02,Queens,11,Residential,58.4,4
2022 / 01,Queens,2,Residential,79.1,4
2022 / 01,Queens,5,Residential,47.2,4
2022 / 01,Queens,9,Residential,59.4,4
2022 / 01,Queens,11,Residential,63.7,4
2021 / 12,Queens,2,Residential,46.8,4
2021 / 12,Queens,5,Residential,31.7,4
2021 / 12,Queens,9,Residential,47.8,4
2021 / 12,Queens,11,Residential,42.8,4
2021 / 10,Queens,2,Residential,63.6,4
2021 / 10,Queens,5,Residential,45.9,4
2021 / 10,Queens,9,Residential,46.7,4
2021 / 10,Queens,11,Residential,64.8,4
2021 / 09,Queens,2,Residential,36.7,4
2021 / 09,Queens,5,Residential,27.1,4
2021 / 09,Queens,9,Residential,20,4
2021 / 09,Queens,11,Residential,27.8,4
2020 / 05,Queens,2,Residential,5.4,4
2020 / 05,Queens,5,Residential,8.4,4
2020 / 05,Queens,7,Residential,9.5,4
2020 / 05,Queens,8,Residential,3.3,4
2020 / 05,Queens,9,Residential,11.4,4
2020 / 05,Queens,10,Residential,4,4
2020 / 05,Queens,11,Residential,8.9,4
2020 / 05,Queens,13,Residential,19.3,4
2020 / 05,Queens,14,Residential,8.4,4
2020 / 04,Queens,2,Residential,77.3,4
2020 / 04,Queens,5,Residential,121.6,4
2020 / 04,Queens,7,Residential,113.2,4
2020 / 04,Queens,8,Residential,71.7,4
2020 / 04,Queens,9,Residential,153.9,4
2020 / 04,Queens,10,Residential,57.6,4
2020 / 04,Queens,11,Residential,126.8,4
2020 / 04,Queens,13,Residential,196.5,4
2020 / 04,Queens,14,Residential,71.3,4
2020 / 03,Queens,2,Residential,76.6,4
2020 / 03,,2,School,36,
2020 / 03,Queens,5,Residential,115.6,4
2020 / 03,,5,School,40.8,
2020 / 03,Queens,6,Residential,,4
2020 / 03,,6,School,41.8,
2020 / 03,Queens,7,Residential,104.6,4
2020 / 03,Queens,8,Residential,102.9,4
2020 / 03,Queens,9,Residential,158.2,4
2020 / 03,,9,School,21.6,
2020 / 03,Queens,10,Residential,54.6,4
2020 / 03,Queens,11,Residential,137.6,4
2020 / 03,,11,School,38.7,
2020 / 03,Queens,13,Residential,160.3,4
2020 / 03,Queens,14,Residential,69.5,4
2020 / 02,Queens,2,Residential,59.7,4
2020 / 02,,2,School,53.1,
2020 / 02,Queens,5,Residential,103.3,4
2020 / 02,,5,School,55.7,
2020 / 02,Queens,6,Residential,,4
2020 / 02,,6,School,59.7,
2020 / 02,Queens,7,Residential,91.2,4
2020 / 02,Queens,8,Residential,84.9,4
2020 / 02,Queens,9,Residential,122.5,4
2020 / 02,,9,School,30.8,
2020 / 02,Queens,10,Residential,55.1,4
2020 / 02,Queens,11,Residential,98.6,4
2020 / 02,,11,School,61.6,
2020 / 02,Queens,13,Residential,127.2,4
2020 / 02,Queens,14,Residential,49.8,4
2020 / 01,Queens,2,Residential,75,4
2020 / 01,,2,School,66.8,
2020 / 01,Queens,5,Residential,,4
2020 / 01,,5,School,68.6,
2020 / 01,Queens,6,Residential,,4
2020 / 01,,6,School,80.3,
2020 / 01,Queens,7,Residential,109.9,4
2020 / 01,Queens,8,Residential,104.5,4
2020 / 01,Queens,9,Residential,164.1,4
2020 / 01,,9,School,40,
2020 / 01,Queens,10,Residential,56.1,4
2020 / 01,Queens,11,Residential,120.5,4
2020 / 01,,11,School,82.1,
2020 / 01,Queens,13,Residential,172.6,4
2020 / 01,Queens,14,Residential,58.9,4