MONTH,BOROUGH,COMMUNITY DISTRICT,RES ORGANICS TONS,SCHOOL ORGANIC TONS,BOROUGH_ID
2026 / 04,Bronx,1,18.7,66,2
2026 / 04,Bronx,2,16.4,69.9,2
2026 / 04,Bronx,3,19.2,0,2
2026 / 04,Bronx,4,16.2,49.5,2
2026 / 04,Bronx,5,14.2,53.2,2
2026 / 04,Bronx,6,16.2,45.9,2
2026 / 04,Bronx,7,45.1,0,2
2026 / 04,Bronx,8,136.5,39.1,2
2026 / 04,Bronx,9,102.9,51.6,2
2026 / 04,Bronx,10,157,0,2
2026 / 04,Bronx,1,18.7,66,2
2026 / 04,Bronx,2,16.4,69.9,2
2026 / 04,Bronx,3,19.2,0,2
2026 / 04,Bronx,4,16.2,49.5,2
2026 / 04,Bronx,5,14.2,53.2,2
2026 / 04,Bronx,6,16.2,45.9,2
2026 / 04,Bronx,7,45.1,0,2
2026 / 04,Bronx,8,136.5,39.1,2
2026 / 04,Bronx,9,102.9,51.6,2
2026 / 04,Bronx,10,157,0,2
2026 / 04,Bronx,11,133.9,74.6,2
2026 / 04,Bronx,12,264.6,0,2
2026 / 04,Brooklyn,1,99.9,30.7,
2026 / 04,Brooklyn,2,162.5,51.5,
2026 / 04,Brooklyn,3,146.1,44,
2026 / 04,Brooklyn,4,83.7,60.9,
2026 / 04,Brooklyn,5,143.3,0,
2026 / 04,Brooklyn,6,132.9,65.6,
2026 / 04,Brooklyn,7,106.4,0,
2026 / 04,Brooklyn,8,,44.5,
2026 / 04,Brooklyn,9,66.8,36.7,
2026 / 04,Brooklyn,10,,0,
2026 / 04,Brooklyn,11,329.5,87.4,3
2026 / 04,Brooklyn,12,76.7,74.2,3
2026 / 04,Brooklyn,13,73.2,1.3,3
2026 / 04,Brooklyn,14,132.1,176,3
2026 / 04,Brooklyn,15,178,0,3
2026 / 04,Brooklyn,16,43.2,0,3
2026 / 04,Brooklyn,17,148.6,0,3
2026 / 04,Brooklyn,18,125.5,66,3
2026 / 04,Manhattan,1,21.7,0,1
2026 / 04,Manhattan,2,58.2,23.4,1
2026 / 04,Manhattan,3,53,26.6,1
2026 / 04,Manhattan,4,62.1,0,1
2026 / 04,Manhattan,5,23.2,0,1
2026 / 04,Manhattan,6,70,0,1
2026 / 04,Manhattan,7,253.1,37.1,1
2026 / 04,Manhattan,8,154.3,0,1
2026 / 04,Manhattan,9,54.9,66.6,1
2026 / 04,Manhattan,10,48.3,,1
2026 / 04,Manhattan,11,33,0,1
2026 / 04,Manhattan,12,84.7,43,1
2026 / 04,Queens,1,214.3,93.4,4
2026 / 04,Queens,2,194.7,157.6,4
2026 / 04,Queens,3,183.4,0,4
2026 / 04,Queens,4,150.8,0,4
2026 / 04,Queens,5,265.5,102.2,4
2026 / 04,Queens,6,189.8,0,4
2026 / 04,Queens,7,207.8,81,4
2026 / 04,Queens,8,167.1,0,4
2026 / 04,Queens,9,186.4,102.6,4
2026 / 04,Queens,10,139.5,73.9,4
2026 / 04,Queens,11,327,84.4,4
2026 / 04,Queens,12,429.8,63,4
2026 / 04,Queens,13,196.9,54.9,4
2026 / 04,Queens,14,105.5,0,4
2026 / 04,Staten Island,1,187.6,0,5
2026 / 04,Staten Island,2,374.6,25.6,5
2026 / 04,Staten Island,3,422.5,31.6,5
2026 / 03,Bronx,1,22.1,86,2
2026 / 03,Bronx,2,11,100.1,2
2026 / 03,Bronx,3,16.9,0,2
2026 / 03,Bronx,4,15,70.4,2
2026 / 03,Bronx,5,13.5,74.9,2
2026 / 03,Bronx,6,14.1,61.2,2
2026 / 03,Bronx,7,39.6,,2
2026 / 03,Bronx,8,121.9,5,2
2026 / 03,Bronx,9,81.8,64.9,2
2026 / 03,Bronx,10,130.6,0,2
2026 / 03,Bronx,11,113.6,101.6,2
2026 / 03,Bronx,12,225.2,0,2
2026 / 03,Brooklyn,1,106.1,,3
2026 / 03,Brooklyn,2,154.6,70.1,3
2026 / 03,Brooklyn,3,150.4,63.5,3
2026 / 03,Brooklyn,4,81.6,81.2,3
2026 / 03,Brooklyn,5,113.9,0,3
2026 / 03,Brooklyn,6,145.3,84.1,3
2026 / 03,Brooklyn,7,127.1,0,3
2026 / 03,Brooklyn,8,105.8,57.9,3
2026 / 03,Brooklyn,9,61.7,44.9,3
2026 / 03,Brooklyn,10,105.2,0,3
2026 / 03,Brooklyn,11,320.6,127.1,3
2026 / 03,Brooklyn,12,71.9,95.9,3
2026 / 03,Brooklyn,13,73.3,0,3
2026 / 03,Brooklyn,14,117.3,245.6,3
2026 / 03,Brooklyn,15,159.8,0,3
2026 / 03,Brooklyn,16,35.6,0,3
2026 / 03,Brooklyn,17,132,0,3
2026 / 03,Brooklyn,18,134.9,95.6,3
2026 / 03,Manhattan,1,21.4,0,1
2026 / 03,Manhattan,2,55.9,31.3,1
2026 / 03,Manhattan,3,43.3,34.1,1
2026 / 03,Manhattan,4,56.5,0,1
2026 / 03,Manhattan,5,24.3,0,1
2026 / 03,Manhattan,6,59.9,0,1
2026 / 03,Manhattan,7,236.8,44.8,1
2026 / 03,Manhattan,8,151.2,0,1
2026 / 03,Manhattan,9,47.7,83.5,1
2026 / 03,Manhattan,10,49.5,61.5,1
2026 / 03,Manhattan,11,22.4,0,1
2026 / 03,Manhattan,12,69.2,57.1,1
2026 / 03,Queens,1,195.7,120,4
2026 / 03,Queens,2,184.7,210.7,4
2026 / 03,Queens,3,157.7,0,4
2026 / 03,Queens,4,136.2,0,4
2026 / 03,Queens,5,220.2,135.5,4
2026 / 03,Queens,6,162.4,0,4
2026 / 03,Queens,7,192.8,110.5,4
2026 / 03,Queens,8,164.2,0,4
2026 / 03,Queens,9,162.3,139.7,4
2026 / 03,Queens,10,144.5,94.7,4
2026 / 03,Queens,11,280.2,102.7,4
2026 / 03,Queens,12,319.6,89.2,4
2026 / 03,Queens,13,174.4,73,4
2026 / 03,Queens,14,85,0,4
2026 / 03,Staten Island,1,210.9,0,5
2026 / 03,Staten Island,2,326.1,35.1,5
2026 / 03,Staten Island,3,354.3,43.5,5
2026 / 02,Bronx,1,16.2,55.7,2
2026 / 02,Bronx,2,13.4,55.7,2
2026 / 02,Bronx,3,12.8,0,2
2026 / 02,Bronx,4,10.9,42.7,2
2026 / 02,Bronx,5,12.1,,2
2026 / 02,Bronx,6,9.5,38.8,2
2026 / 02,Bronx,7,25.2,38.1,2
2026 / 02,Bronx,8,81.4,0,2
2026 / 02,Bronx,9,61,43.8,2
2026 / 02,Bronx,10,77.1,0,2
2026 / 02,Bronx,11,70.2,64.2,2
2026 / 02,Bronx,12,131.3,0,2
2026 / 02,Brooklyn,1,70.2,30.9,3
2026 / 02,Brooklyn,2,103.5,45.6,3
2026 / 02,Brooklyn,3,78.3,37,3
2026 / 02,Brooklyn,4,58.9,55.9,3
2026 / 02,Brooklyn,5,64.8,0,3
2026 / 02,Brooklyn,6,119.5,57.1,3
2026 / 02,Brooklyn,7,90.2,0,3
2026 / 02,Brooklyn,8,57.6,39.3,3
2026 / 02,Brooklyn,9,39.8,28.8,3
2026 / 02,Brooklyn,10,68.3,0.7,3
2026 / 02,Brooklyn,11,254.7,70.6,3
2026 / 02,Brooklyn,12,54.7,62.3,3
2026 / 02,Brooklyn,13,46.9,8,3
2026 / 02,Brooklyn,14,77.1,143.1,3
2026 / 02,Brooklyn,15,124.9,0,3
2026 / 02,Brooklyn,16,28.6,0,3
2026 / 02,Brooklyn,17,74.5,0,3
2026 / 02,Brooklyn,18,108.8,54.4,3
2026 / 02,Manhattan,1,19,0,1
2026 / 02,Manhattan,2,35.9,23.4,1
2026 / 02,Manhattan,3,33.4,28.4,1
2026 / 02,Manhattan,4,50.1,0,1
2026 / 02,Manhattan,5,17.9,0,1
2026 / 02,Manhattan,6,50,0,1
2026 / 02,Manhattan,7,205.3,28.6,1
2026 / 02,Manhattan,8,126,0,1
2026 / 02,Manhattan,9,41.9,61.7,1
2026 / 02,Manhattan,10,30.8,44.2,1
2026 / 02,Manhattan,11,18.8,0,1
2026 / 02,Manhattan,12,60.3,38.1,1
2026 / 02,Queens,1,138.6,84.2,4
2026 / 02,Queens,2,133.9,138.2,4
2026 / 02,Queens,3,109.9,0,4
2026 / 02,Queens,4,100.6,0,4
2026 / 02,Queens,5,172.6,93,4
2026 / 02,Queens,6,100.4,0,4
2026 / 02,Queens,7,157.6,66.5,4
2026 / 02,Queens,8,109.2,0,4
2026 / 02,Queens,9,159.3,92.3,4
2026 / 02,Queens,10,85.6,62.4,4
2026 / 02,Queens,11,160.4,54.8,4
2026 / 02,Queens,12,188.1,58.3,4
2026 / 02,Queens,13,143.2,,4
2026 / 02,Queens,14,57,0,4
2026 / 02,Staten Island,1,98.8,0,5
2026 / 02,Staten Island,2,142,20.6,5
2026 / 02,Staten Island,3,142.2,27.8,5
2026 / 01,Bronx,1,22.4,70.7,2
2026 / 01,Bronx,2,16.2,89.5,2
2026 / 01,Bronx,3,14.7,0,2
2026 / 01,Bronx,4,16.3,63.5,2
2026 / 01,Bronx,5,14.4,64.6,2
2026 / 01,Bronx,6,10.9,51,2
2026 / 01,Bronx,7,38.4,,2
2026 / 01,Bronx,8,119.9,0,2
2026 / 01,Bronx,9,89.5,56.1,2
2026 / 01,Bronx,10,113.3,0,2
2026 / 01,Bronx,11,98.3,85,2
2026 / 01,Bronx,12,175.5,0,2
2026 / 01,Brooklyn,1,119,37.6,3
2026 / 01,Brooklyn,2,175.4,55.5,3
2026 / 01,Brooklyn,3,124.6,52.9,3
2026 / 01,Brooklyn,4,80.8,68.6,3
2026 / 01,Brooklyn,5,130.8,0,3
2026 / 01,Brooklyn,6,145.8,72.9,3
2026 / 01,Brooklyn,7,113.7,0,3
2026 / 01,Brooklyn,8,84.9,50.2,3
2026 / 01,Brooklyn,9,58.3,44.2,3
2026 / 01,Brooklyn,10,104.5,1.7,3
2026 / 01,Brooklyn,11,305.2,110.8,3
2026 / 01,Brooklyn,12,75.6,82.7,3
2026 / 01,Brooklyn,13,69.2,6,3
2026 / 01,Brooklyn,14,103.1,182.3,3
2026 / 01,Brooklyn,15,154.9,0,3
2026 / 01,Brooklyn,16,44.4,0,3
2026 / 01,Brooklyn,17,,2.6,3
2026 / 01,Brooklyn,18,104.7,80.8,3
2026 / 01,Manhattan,1,50.7,0,1
2026 / 01,Manhattan,2,77.3,26.7,1
2026 / 01,Manhattan,3,60,37.6,1
2026 / 01,Manhattan,4,87.3,0,1
2026 / 01,Manhattan,5,34.8,0,1
2026 / 01,Manhattan,6,,0,1
2026 / 01,Manhattan,7,304,38.6,1
2026 / 01,Manhattan,8,230.2,0,1
2026 / 01,Manhattan,9,66.6,80.6,1
2026 / 01,Manhattan,10,56,61.2,1
2026 / 01,Manhattan,11,36.2,0,1
2026 / 01,Manhattan,12,79,49.6,1
2026 / 01,Queens,1,201.4,115.5,4
2026 / 01,Queens,2,190.2,170.8,4
2026 / 01,Queens,3,170.7,0,4
2026 / 01,Queens,4,138.3,0,4
2026 / 01,Queens,5,242.5,112.3,4
2026 / 01,Queens,6,148.9,0,4
2026 / 01,Queens,7,176,89.8,4
2026 / 01,Queens,8,155.1,0,4
2026 / 01,Queens,9,200.4,110.6,4
2026 / 01,Queens,10,119.2,86.4,4
2026 / 01,Queens,11,222.7,81.7,4
2026 / 01,Queens,12,256.9,74.7,4
2026 / 01,Queens,13,168.9,55.2,4
2026 / 01,Queens,14,90.7,0,4
2026 / 01,Staten Island,1,180.1,0,5
2026 / 01,Staten Island,2,217.9,25.2,5
2026 / 01,Staten Island,3,239.8,36.9,5
2025 / 12,Bronx,1,38.1,68.2,2
2025 / 12,Bronx,2,18.8,90.9,2
2025 / 12,Bronx,3,20,0,2
2025 / 12,Bronx,4,18.9,62.2,2
2025 / 12,Bronx,5,14.7,64.7,2
2025 / 12,Bronx,6,18.4,49.1,2
2025 / 12,Bronx,7,48.5,44.8,2
2025 / 12,Bronx,8,152,0,2
2025 / 12,Bronx,9,107.6,54.6,2
2025 / 12,Bronx,10,139.1,0,2
2025 / 12,Bronx,11,134.8,87.5,2
2025 / 12,Bronx,12,259.6,0,2
2025 / 12,Brooklyn,1,105.2,36.7,3
2025 / 12,Brooklyn,2,208.2,58.7,3
2025 / 12,Brooklyn,3,205.8,54.5,3
2025 / 12,Brooklyn,4,90.3,69.7,3
2025 / 12,Brooklyn,5,162.1,0,3
2025 / 12,Brooklyn,6,175.9,79,3
2025 / 12,Brooklyn,7,166.3,0,3
2025 / 12,Brooklyn,8,106.4,50.2,3
2025 / 12,Brooklyn,9,69.4,39,3
2025 / 12,Brooklyn,10,148.5,0,3
2025 / 12,Brooklyn,11,370.7,115.3,3
2025 / 12,Brooklyn,12,100.3,87,3
2025 / 12,Brooklyn,13,81.9,0,3
2025 / 12,Brooklyn,14,159.7,190.9,3
2025 / 12,Brooklyn,15,204.4,0.4,3
2025 / 12,Brooklyn,16,54.3,0,3
2025 / 12,Brooklyn,17,162,0,3
2025 / 12,Brooklyn,18,193.2,80.1,3
2025 / 12,Manhattan,1,25,0,1
2025 / 12,Manhattan,2,63.6,29.2,1
2025 / 12,Manhattan,3,63.9,39,1
2025 / 12,Manhattan,4,66.3,0,1
2025 / 12,Manhattan,5,23.5,0,1
2025 / 12,Manhattan,6,63,0,1
2025 / 12,Manhattan,7,280.3,38.1,1
2025 / 12,Manhattan,8,170.6,0,1
2025 / 12,Manhattan,9,55.1,74.6,1
2025 / 12,Manhattan,10,55.9,57.6,1
2025 / 12,Manhattan,11,39.4,0,1
2025 / 12,Manhattan,12,87.9,49.6,1
2025 / 12,Queens,1,266.8,120.5,4
2025 / 12,Queens,2,212.5,172.9,4
2025 / 12,Queens,3,195.9,0,4
2025 / 12,Queens,4,159.6,0,4
2025 / 12,Queens,5,317.4,111.3,4
2025 / 12,Queens,6,205.4,4.7,4
2025 / 12,Queens,7,265.4,93.3,4
2025 / 12,Queens,8,249,0,4
2025 / 12,Queens,9,268.6,111.1,4
2025 / 12,Queens,10,168,78.4,4
2025 / 12,Queens,11,379.8,86.3,4
2025 / 12,Queens,12,413.5,75.5,4
2025 / 12,Queens,13,244.5,64.7,4
2025 / 12,Queens,14,98.7,0,4
2025 / 12,Staten Island,1,284.7,0,5
2025 / 12,Staten Island,2,359,27.1,5
2025 / 12,Staten Island,3,428.7,36.3,5
2025 / 11,Bronx,1,34.9,71.7,2
2025 / 11,Bronx,2,19.4,85,2
2025 / 11,Bronx,3,29.7,0,2
2025 / 11,Bronx,4,21.8,60.5,2
2025 / 11,Bronx,5,19.5,66.2,2
2025 / 11,Bronx,6,14.3,48.4,2
2025 / 11,Bronx,7,48.7,0,2
2025 / 11,Bronx,8,178.5,40.8,2
2025 / 11,Bronx,9,150.4,62,2
2025 / 11,Bronx,10,205.2,0,2
2025 / 11,Bronx,11,217.4,83.1,2
2025 / 11,Bronx,12,372.4,0,2
2025 / 11,Brooklyn,1,128.7,38.1,3
2025 / 11,Brooklyn,2,208.4,60.3,3
2025 / 11,Brooklyn,3,192.6,55,3
2025 / 11,Brooklyn,4,93.7,67.7,3
2025 / 11,Brooklyn,5,150.7,0,3
2025 / 11,Brooklyn,6,189.6,82.8,3
2025 / 11,Brooklyn,7,144.8,0,3
2025 / 11,Brooklyn,8,98.4,47.6,3
2025 / 11,Brooklyn,9,86.3,41.3,3
2025 / 11,Brooklyn,10,179.9,3,3
2025 / 11,Brooklyn,11,421.9,109.5,3
2025 / 11,Brooklyn,12,129,80.7,3
2025 / 11,Brooklyn,13,100.4,0,3
2025 / 11,Brooklyn,14,223.4,186.5,3
2025 / 11,Brooklyn,15,297.6,0,3
2025 / 11,Brooklyn,16,78.5,0,3
2025 / 11,Brooklyn,17,212.3,0,3
2025 / 11,Brooklyn,18,335.2,80.3,3
2025 / 11,Manhattan,1,23.9,0,1
2025 / 11,Manhattan,2,60.1,25.4,1
2025 / 11,Manhattan,3,72.1,32.3,1
2025 / 11,Manhattan,4,65.5,0,1
2025 / 11,Manhattan,5,21.6,0,1
2025 / 11,Manhattan,6,66.9,0,1
2025 / 11,Manhattan,7,265.1,37.7,1
2025 / 11,Manhattan,8,173.6,0,1
2025 / 11,Manhattan,9,63.6,73.9,1
2025 / 11,Manhattan,10,52,50,1
2025 / 11,Manhattan,11,40.7,0,1
2025 / 11,Manhattan,12,91.8,45.9,1
2025 / 11,Queens,1,296.8,122.1,4
2025 / 11,Queens,2,221.9,167.8,4
2025 / 11,Queens,3,231.5,0,4
2025 / 11,Queens,4,168.8,0,4
2025 / 11,Queens,5,443.8,105.3,4
2025 / 11,Queens,6,305.5,0,4
2025 / 11,Queens,7,431.3,97.3,4
2025 / 11,Queens,8,320.6,0,4
2025 / 11,Queens,9,386.2,114.8,4
2025 / 11,Queens,10,225.3,70.7,4
2025 / 11,Queens,11,612.4,82.9,4
2025 / 11,Queens,12,615.2,72.4,4
2025 / 11,Queens,13,345.4,68.3,4
2025 / 11,Queens,14,111.6,0,4
2025 / 11,Staten Island,1,407.6,0,5
2025 / 11,Staten Island,2,520.5,30.4,5
2025 / 11,Staten Island,3,656.9,37.8,5
2025 / 10,Bronx,1,16.7,85.9,2
2025 / 10,Bronx,2,20.4,100.7,2
2025 / 10,Bronx,3,19.1,0,2
2025 / 10,Bronx,4,20.8,70.7,2
2025 / 10,Bronx,5,17.1,85.6,2
2025 / 10,Bronx,6,16.2,61.9,2
2025 / 10,Bronx,7,53.6,0,2
2025 / 10,Bronx,8,136.9,49.8,2
2025 / 10,Bronx,9,112.1,82.9,2
2025 / 10,Bronx,10,158.4,0,2
2025 / 10,Bronx,11,154.2,103.7,2
2025 / 10,Bronx,12,277.5,0,2
2025 / 10,Brooklyn,1,104.2,50,3
2025 / 10,Brooklyn,2,159,62.3,3
2025 / 10,Brooklyn,3,144.6,70.9,3
2025 / 10,Brooklyn,4,93.9,85.2,3
2025 / 10,Brooklyn,5,159.5,0,3
2025 / 10,Brooklyn,6,166.9,94.3,3
2025 / 10,Brooklyn,7,123.5,0,3
2025 / 10,Brooklyn,8,92.1,60.4,3
2025 / 10,Brooklyn,9,89.1,45.6,3
2025 / 10,Brooklyn,10,161,0,3
2025 / 10,Brooklyn,11,407.4,143.1,3
2025 / 10,Brooklyn,12,101.1,103.2,3
2025 / 10,Brooklyn,13,80.2,0,3
2025 / 10,Brooklyn,14,138,225.2,3
2025 / 10,Brooklyn,15,225.1,0,3
2025 / 10,Brooklyn,16,53.6,0,3
2025 / 10,Brooklyn,17,158,0,3
2025 / 10,Brooklyn,18,199.3,96,3
2025 / 10,Manhattan,1,30.5,0,1
2025 / 10,Manhattan,2,57.3,34.5,1
2025 / 10,Manhattan,3,61.5,43.3,1
2025 / 10,Manhattan,4,74.2,0,1
2025 / 10,Manhattan,5,24.3,0,1
2025 / 10,Manhattan,6,75.5,0,1
2025 / 10,Manhattan,7,267.1,46.3,1
2025 / 10,Manhattan,8,178.8,0,1
2025 / 10,Manhattan,9,64.6,103.4,1
2025 / 10,Manhattan,10,49.6,67.3,1
2025 / 10,Manhattan,11,28,0,1
2025 / 10,Manhattan,12,87.7,58.6,1
2025 / 10,Queens,1,247.9,145.3,4
2025 / 10,Queens,2,211.7,205.4,4
2025 / 10,Queens,3,220,0,4
2025 / 10,Queens,4,176.4,0,4
2025 / 10,Queens,5,364.9,131.2,4
2025 / 10,Queens,6,210,0,4
2025 / 10,Queens,7,307.5,114.1,4
2025 / 10,Queens,8,218.8,0,4
2025 / 10,Queens,9,304.9,138.5,4
2025 / 10,Queens,10,184.2,97.8,4
2025 / 10,Queens,11,377.9,101.1,4
2025 / 10,Queens,12,461.1,93,4
2025 / 10,Queens,13,244.4,79.6,4
2025 / 10,Queens,14,110.3,0,4
2025 / 10,Staten Island,1,284.1,0,5
2025 / 10,Staten Island,2,402,37.5,5
2025 / 10,Staten Island,3,468.2,45.4,5
2025 / 09,Bronx,1,16.4,68.7,2
2025 / 09,Bronx,2,12.4,76.6,2
2025 / 09,Bronx,3,13.9,0,2
2025 / 09,Bronx,4,17.5,63.3,2
2025 / 09,Bronx,5,16.5,63.4,2
2025 / 09,Bronx,6,13.1,46.2,2
2025 / 09,Bronx,7,50.3,0,2
2025 / 09,Bronx,8,132.3,45,2
2025 / 09,Bronx,9,97.6,61.8,2
2025 / 09,Bronx,10,144.5,0,2
2025 / 09,Bronx,11,137.4,75.6,2
2025 / 09,Bronx,12,267.8,0,2
2025 / 09,Brooklyn,1,87.8,43.4,3
2025 / 09,Brooklyn,2,130.8,46,3
2025 / 09,Brooklyn,3,128.5,65.8,3
2025 / 09,Brooklyn,4,84.8,70.5,3
2025 / 09,Brooklyn,5,132,0,3
2025 / 09,Brooklyn,6,73.4,81.5,3
2025 / 09,Brooklyn,7,115.9,0,3
2025 / 09,Brooklyn,8,88.3,50.8,3
2025 / 09,Brooklyn,9,59.5,38.3,3
2025 / 09,Brooklyn,10,144,1.5,3
2025 / 09,Brooklyn,11,403,125.6,3
2025 / 09,Brooklyn,12,88,88.7,3
2025 / 09,Brooklyn,13,79.4,6.5,3
2025 / 09,Brooklyn,14,126.1,153.1,3
2025 / 09,Brooklyn,15,193.7,0,3
2025 / 09,Brooklyn,16,39.1,0,3
2025 / 09,Brooklyn,17,149.6,0,3
2025 / 09,Brooklyn,18,154.9,71.7,3
2025 / 09,Manhattan,1,22.2,0,1
2025 / 09,Manhattan,2,53.8,29.4,1
2025 / 09,Manhattan,3,48.2,39.7,1
2025 / 09,Manhattan,4,62,0,1
2025 / 09,Manhattan,5,23.5,0,1
2025 / 09,Manhattan,6,63.2,0,1
2025 / 09,Manhattan,7,245.8,38.3,1
2025 / 09,Manhattan,8,149.4,0,1
2025 / 09,Manhattan,9,50.9,81.7,1
2025 / 09,Manhattan,10,42,52.2,1
2025 / 09,Manhattan,11,21.4,0,1
2025 / 09,Manhattan,12,79.8,44.3,1
2025 / 09,Queens,1,221.3,121.6,4
2025 / 09,Queens,2,189.4,168.3,4
2025 / 09,Queens,3,173,0,4
2025 / 09,Queens,4,164.6,0,4
2025 / 09,Queens,5,346.4,112.9,4
2025 / 09,Queens,6,197.8,0,4
2025 / 09,Queens,7,288.1,95.7,4
2025 / 09,Queens,8,202.9,0,4
2025 / 09,Queens,9,263.3,104.8,4
2025 / 09,Queens,10,161.8,79.5,4
2025 / 09,Queens,11,357.3,83.2,4
2025 / 09,Queens,12,434,75.7,4
2025 / 09,Queens,13,235.2,69.6,4
2025 / 09,Queens,14,102.4,0,4
2025 / 09,Staten Island,1,276,0,5
2025 / 09,Staten Island,2,402.8,36.3,5
2025 / 09,Staten Island,3,425,34,5
2025 / 08,Bronx,1,17.1,0,2
2025 / 08,Bronx,2,14,17.3,2
2025 / 08,Bronx,3,12.4,0,2
2025 / 08,Bronx,4,22.4,0,2
2025 / 08,Bronx,5,18.7,16.9,2
2025 / 08,Bronx,6,12.7,11.5,2
2025 / 08,Bronx,7,48.6,0,2
2025 / 08,Bronx,8,126.6,13.9,2
2025 / 08,Bronx,9,105.9,0,2
2025 / 08,Bronx,10,159.5,0,2
2025 / 08,Bronx,11,156.5,10,2
2025 / 08,Bronx,12,294.2,0,2
2025 / 08,Brooklyn,1,88.8,0,3
2025 / 08,Brooklyn,2,129.5,12,3
2025 / 08,Brooklyn,3,129.1,0,3
2025 / 08,Brooklyn,4,89.2,0,3
2025 / 08,Brooklyn,5,114.8,0,3
2025 / 08,Brooklyn,6,55.1,0,3
2025 / 08,Brooklyn,7,108,16.5,3
2025 / 08,Brooklyn,8,79.8,16.6,3
2025 / 08,Brooklyn,9,67.2,15,3
2025 / 08,Brooklyn,10,120.4,0,3
2025 / 08,Brooklyn,11,412.7,0,3
2025 / 08,Brooklyn,12,83.3,0,3
2025 / 08,Brooklyn,13,71,40.3,3
2025 / 08,Brooklyn,14,127.7,0,3
2025 / 08,Brooklyn,15,179.3,36.5,3
2025 / 08,Brooklyn,16,46,0,3
2025 / 08,Brooklyn,17,162.7,0,3
2025 / 08,Brooklyn,18,173.7,0,3
2025 / 08,Manhattan,1,19.5,0,1
2025 / 08,Manhattan,2,48.7,0,1
2025 / 08,Manhattan,3,58.1,11.3,1
2025 / 08,Manhattan,4,57.2,32.5,1
2025 / 08,Manhattan,5,22.5,0,1
2025 / 08,Manhattan,6,69,0,1
2025 / 08,Manhattan,7,223.7,16.6,1
2025 / 08,Manhattan,8,139,0,1
2025 / 08,Manhattan,9,54.7,12.3,1
2025 / 08,Manhattan,10,37.6,12.5,1
2025 / 08,Manhattan,11,20.6,0,1
2025 / 08,Manhattan,12,90.4,0,1
2025 / 08,Queens,1,235.6,23.3,4
2025 / 08,Queens,2,187.3,0,4
2025 / 08,Queens,3,191.3,0,4
2025 / 08,Queens,4,174.4,0,4
2025 / 08,Queens,5,350.9,54.6,4
2025 / 08,Queens,6,202.1,0,4
2025 / 08,Queens,7,304.6,23.6,4
2025 / 08,Queens,8,201.2,0,4
2025 / 08,Queens,9,266.4,0,4
2025 / 08,Queens,10,197.8,21.3,4
2025 / 08,Queens,11,360.8,0,4
2025 / 08,Queens,12,421.4,20.1,4
2025 / 08,Queens,13,256.6,0,4
2025 / 08,Queens,14,118.2,0,4
2025 / 08,Staten Island,1,344.2,0,5
2025 / 08,Staten Island,2,400.9,11.5,5
2025 / 08,Staten Island,3,439.5,0,5
2025 / 07,Bronx,1,18.9,0,2
2025 / 07,Bronx,2,16,50.3,2
2025 / 07,Bronx,3,15,0,2
2025 / 07,Bronx,4,17.9,0,2
2025 / 07,Bronx,5,18.9,32.1,2
2025 / 07,Bronx,6,16.9,20.6,2
2025 / 07,Bronx,7,52.9,0,2
2025 / 07,Bronx,8,147.5,30.4,2
2025 / 07,Bronx,9,116.2,0,2
2025 / 07,Bronx,10,182.1,0,2
2025 / 07,Bronx,11,170.4,24.7,2
2025 / 07,Bronx,12,333.7,0,2
2025 / 07,Brooklyn,1,102.4,0,3
2025 / 07,Brooklyn,2,141.3,22.9,3
2025 / 07,Brooklyn,3,161.5,0,3
2025 / 07,Brooklyn,4,98.4,0,3
2025 / 07,Brooklyn,5,174.6,0,3
2025 / 07,Brooklyn,6,76.4,0,3
2025 / 07,Brooklyn,7,131.3,35.7,3
2025 / 07,Brooklyn,8,93.7,31.9,3
2025 / 07,Brooklyn,9,65.9,34.5,3
2025 / 07,Brooklyn,10,157.9,0,3
2025 / 07,Brooklyn,11,460.2,0,3
2025 / 07,Brooklyn,12,101.8,0,3
2025 / 07,Brooklyn,13,80.6,74.3,3
2025 / 07,Brooklyn,14,124.2,0,3
2025 / 07,Brooklyn,15,212.5,63.1,3
2025 / 07,Brooklyn,16,49.5,0,3
2025 / 07,Brooklyn,17,176.7,0,3
2025 / 07,Brooklyn,18,223.2,0,3
2025 / 07,Manhattan,1,20.1,0,1
2025 / 07,Manhattan,2,53.5,0,1
2025 / 07,Manhattan,3,55.2,19,1
2025 / 07,Manhattan,4,50.6,36.1,1
2025 / 07,Manhattan,5,28.7,0,1
2025 / 07,Manhattan,6,70,0,1
2025 / 07,Manhattan,7,234.7,30.3,1
2025 / 07,Manhattan,8,137.7,0,1
2025 / 07,Manhattan,9,47.6,26.7,1
2025 / 07,Manhattan,10,41.3,27.3,1
2025 / 07,Manhattan,11,25.2,0,1
2025 / 07,Manhattan,12,99.8,0,1
2025 / 07,Queens,1,279,54.2,4
2025 / 07,Queens,2,204.4,0,4
2025 / 07,Queens,3,206.1,0,4
2025 / 07,Queens,4,183.8,0,4
2025 / 07,Queens,5,416.1,97.5,4
2025 / 07,Queens,6,206.4,0,4
2025 / 07,Queens,7,356.1,50.3,4
2025 / 07,Queens,8,225.3,0,4
2025 / 07,Queens,9,293.3,0,4
2025 / 07,Queens,10,230.4,42.4,4
2025 / 07,Queens,11,422.7,0,4
2025 / 07,Queens,12,505.2,28.9,4
2025 / 07,Queens,13,337.7,11.4,4
2025 / 07,Queens,14,139.1,0,4
2025 / 07,Staten Island,1,391,0,5
2025 / 07,Staten Island,2,460.1,21.7,5
2025 / 07,Staten Island,3,549.8,0,5
2025 / 06,Bronx,1,20.7,65,2
2025 / 06,Bronx,2,15.4,0,2
2025 / 06,Bronx,3,16.4,61.2,2
2025 / 06,Bronx,4,17.8,48.3,2
2025 / 06,Bronx,5,21.3,58,2
2025 / 06,Bronx,6,14.6,36.9,2
2025 / 06,Bronx,7,48.1,32.5,2
2025 / 06,Bronx,8,147.4,0,2
2025 / 06,Bronx,9,112.6,0,2
2025 / 06,Bronx,10,180.8,49.4,2
2025 / 06,Bronx,11,175.6,60.1,2
2025 / 06,Bronx,12,316.1,0,2
2025 / 06,Brooklyn,1,102,33.9,3
2025 / 06,Brooklyn,2,142.8,30.9,3
2025 / 06,Brooklyn,3,148.2,47.2,3
2025 / 06,Brooklyn,4,97.4,51.7,3
2025 / 06,Brooklyn,5,139,0,3
2025 / 06,Brooklyn,6,104.8,66.8,3
2025 / 06,Brooklyn,7,130.9,59.6,3
2025 / 06,Brooklyn,8,92.4,38.8,3
2025 / 06,Brooklyn,9,66.8,0,3
2025 / 06,Brooklyn,10,187.2,142.4,3
2025 / 06,Brooklyn,11,471.7,5.4,3
2025 / 06,Brooklyn,12,113.2,0,3
2025 / 06,Brooklyn,13,81.1,84.3,3
2025 / 06,Brooklyn,14,122.6,0,3
2025 / 06,Brooklyn,15,228.6,148,3
2025 / 06,Brooklyn,16,49,0,3
2025 / 06,Brooklyn,17,168.6,33.4,3
2025 / 06,Brooklyn,18,195.9,0,3
2025 / 06,Manhattan,1,23.9,0,1
2025 / 06,Manhattan,2,59.8,20.6,1
2025 / 06,Manhattan,3,53.3,38,1
2025 / 06,Manhattan,4,66.9,0,1
2025 / 06,Manhattan,5,26.8,0,1
2025 / 06,Manhattan,6,69,0,1
2025 / 06,Manhattan,7,243.9,29.6,1
2025 / 06,Manhattan,8,148,0,1
2025 / 06,Manhattan,9,49.7,61.9,1
2025 / 06,Manhattan,10,40.6,0,1
2025 / 06,Manhattan,11,23.1,28,1
2025 / 06,Manhattan,12,89.2,37.2,1
2025 / 06,Queens,1,286.8,113.6,4
2025 / 06,Queens,2,198.6,179.4,4
2025 / 06,Queens,3,179.7,0,4
2025 / 06,Queens,4,177.8,0,4
2025 / 06,Queens,5,419.1,128.6,4
2025 / 06,Queens,6,201.9,0,4
2025 / 06,Queens,7,376.4,86.9,4
2025 / 06,Queens,8,250.3,0,4
2025 / 06,Queens,9,316,114.5,4
2025 / 06,Queens,10,257.4,68.9,4
2025 / 06,Queens,11,413.4,61.8,4
2025 / 06,Queens,12,496.7,65.4,4
2025 / 06,Queens,13,375.5,57.3,4
2025 / 06,Queens,14,133.2,0,4
2025 / 06,Staten Island,1,453.6,0,5
2025 / 06,Staten Island,2,471.4,28.8,5
2025 / 06,Staten Island,3,580.4,30.8,5
2025 / 05,Bronx,1,19.8,91.9,2
2025 / 05,Bronx,2,25.9,0,2
2025 / 05,Bronx,3,14.8,92.9,2
2025 / 05,Bronx,4,21.2,71.4,2
2025 / 05,Bronx,5,20.6,86,2
2025 / 05,Bronx,6,14,53.9,2
2025 / 05,Bronx,7,46.7,50.7,2
2025 / 05,Bronx,8,161.8,0,2
2025 / 05,Bronx,9,127.5,0,2
2025 / 05,Bronx,10,219.3,62.1,2
2025 / 05,Bronx,11,202.1,91,2
2025 / 05,Bronx,12,357,0,2
2025 / 05,Brooklyn,1,115.4,49.2,3
2025 / 05,Brooklyn,2,163.2,43.1,3
2025 / 05,Brooklyn,3,167.6,75.9,3
2025 / 05,Brooklyn,4,110.3,81.5,3
2025 / 05,Brooklyn,5,160.3,0,3
2025 / 05,Brooklyn,6,144.4,95.4,3
2025 / 05,Brooklyn,7,169.1,75.1,3
2025 / 05,Brooklyn,8,93.1,58.4,3
2025 / 05,Brooklyn,9,80.5,0,3
2025 / 05,Brooklyn,10,216.1,163.4,3
2025 / 05,Brooklyn,11,559.2,0,3
2025 / 05,Brooklyn,12,134.5,0,3
2025 / 05,Brooklyn,13,81.7,126.1,3
2025 / 05,Brooklyn,14,145.7,0,3
2025 / 05,Brooklyn,15,264.6,167.8,3
2025 / 05,Brooklyn,16,55.3,0,3
2025 / 05,Brooklyn,17,182.1,48.4,3
2025 / 05,Brooklyn,18,230.3,0,3
2025 / 05,Manhattan,1,28.6,0,1
2025 / 05,Manhattan,2,61.6,32.4,1
2025 / 05,Manhattan,3,60.5,49.8,1
2025 / 05,Manhattan,4,84.5,0,1
2025 / 05,Manhattan,5,30.6,0,1
2025 / 05,Manhattan,6,87.1,0,1
2025 / 05,Manhattan,7,283.1,43.8,1
2025 / 05,Manhattan,8,173.3,0,1
2025 / 05,Manhattan,9,61.9,89.2,1
2025 / 05,Manhattan,10,46.5,0,1
2025 / 05,Manhattan,11,26.5,62.3,1
2025 / 05,Manhattan,12,97.7,54.6,1
2025 / 05,Queens,1,287.1,167.7,4
2025 / 05,Queens,2,209.9,223.8,4
2025 / 05,Queens,3,202.3,0,4
2025 / 05,Queens,4,191,0,4
2025 / 05,Queens,5,454.7,137.3,4
2025 / 05,Queens,6,226.3,0,4
2025 / 05,Queens,7,493.8,110.4,4
2025 / 05,Queens,8,329.8,0,4
2025 / 05,Queens,9,343.6,149.4,4
2025 / 05,Queens,10,324.5,89,4
2025 / 05,Queens,11,473,94.7,4
2025 / 05,Queens,12,547.6,89.5,4
2025 / 05,Queens,13,452.6,78.9,4
2025 / 05,Queens,14,154.2,0,4
2025 / 05,Staten Island,1,573.9,0,5
2025 / 05,Staten Island,2,554.1,37.8,5
2025 / 05,Staten Island,3,785.5,40.2,5
2025 / 04,Bronx,1,17.6,80.3,2
2025 / 04,Bronx,2,14.7,0,2
2025 / 04,Bronx,3,16.5,85.2,2
2025 / 04,Bronx,4,15.7,59.8,2
2025 / 04,Bronx,5,16.5,69.2,2
2025 / 04,Bronx,6,11.4,45.5,2
2025 / 04,Bronx,7,32,41.2,2
2025 / 04,Bronx,8,134,0,2
2025 / 04,Bronx,9,79.8,0,2
2025 / 04,Bronx,10,165.2,52.2,2
2025 / 04,Bronx,11,141,73.9,2
2025 / 04,Bronx,12,234.8,0,2
2025 / 04,Brooklyn,1,91.9,40.3,3
2025 / 04,Brooklyn,2,144.8,42.1,3
2025 / 04,Brooklyn,3,132.4,64.1,3
2025 / 04,Brooklyn,4,74.8,69.4,3
2025 / 04,Brooklyn,5,111.8,0,3
2025 / 04,Brooklyn,6,161.1,73.8,3
2025 / 04,Brooklyn,7,152,67.3,3
2025 / 04,Brooklyn,8,89.3,46.4,3
2025 / 04,Brooklyn,9,61.3,0,3
2025 / 04,Brooklyn,10,203.3,138.3,3
2025 / 04,Brooklyn,11,436.7,0,3
2025 / 04,Brooklyn,12,91.2,0,3
2025 / 04,Brooklyn,13,75.1,93.3,3
2025 / 04,Brooklyn,14,99.5,0,3
2025 / 04,Brooklyn,15,208.5,134.6,3
2025 / 04,Brooklyn,16,37.8,0,3
2025 / 04,Brooklyn,17,128,40.4,3
2025 / 04,Brooklyn,18,208.7,0,3
2025 / 04,Manhattan,1,18,0,1
2025 / 04,Manhattan,2,51.5,24.7,1
2025 / 04,Manhattan,3,49.1,38,1
2025 / 04,Manhattan,4,56.9,0,1
2025 / 04,Manhattan,5,24.5,0,1
2025 / 04,Manhattan,6,55.7,0,1
2025 / 04,Manhattan,7,226.3,36.3,1
2025 / 04,Manhattan,8,122.7,0,1
2025 / 04,Manhattan,9,42.4,73.9,1
2025 / 04,Manhattan,10,40,0,1
2025 / 04,Manhattan,11,30.6,48,1
2025 / 04,Manhattan,12,73.1,47.7,1
2025 / 04,Queens,1,206.1,148.7,4
2025 / 04,Queens,2,153.1,184.2,4
2025 / 04,Queens,3,133.7,0,4
2025 / 04,Queens,4,141.1,0,4
2025 / 04,Queens,5,353.5,109.6,4
2025 / 04,Queens,6,146,0,4
2025 / 04,Queens,7,377.8,111.9,4
2025 / 04,Queens,8,244.9,0,4
2025 / 04,Queens,9,256.7,116.4,4
2025 / 04,Queens,10,235.2,74.4,4
2025 / 04,Queens,11,326.7,77.3,4
2025 / 04,Queens,12,338.4,75,4
2025 / 04,Queens,13,362.6,57.3,4
2025 / 04,Queens,14,104.3,0,4
2025 / 04,Staten Island,1,447.5,0,5
2025 / 04,Staten Island,2,431.3,32,5
2025 / 04,Staten Island,3,623.6,32.7,5
2025 / 03,Bronx,1,7.6,95,2
2025 / 03,Bronx,2,2.5,0,2
2025 / 03,Bronx,3,4.6,98.2,2
2025 / 03,Bronx,4,7.6,67,2
2025 / 03,Bronx,5,7.4,77.1,2
2025 / 03,Bronx,6,3.6,51.6,2
2025 / 03,Bronx,7,5.5,46.5,2
2025 / 03,Bronx,8,64.7,0,2
2025 / 03,Bronx,9,27,0,2
2025 / 03,Bronx,10,51,54.4,2
2025 / 03,Bronx,11,45.9,85.4,2
2025 / 03,Bronx,12,73.2,0,2
2025 / 03,Brooklyn,1,44.3,48,3
2025 / 03,Brooklyn,2,94.5,46.9,3
2025 / 03,Brooklyn,3,87.6,76.7,3
2025 / 03,Brooklyn,4,53.8,74.4,3
2025 / 03,Brooklyn,5,33,0,3
2025 / 03,Brooklyn,6,82.3,78.9,3
2025 / 03,Brooklyn,7,53.7,77.6,3
2025 / 03,Brooklyn,8,47.3,53.3,3
2025 / 03,Brooklyn,9,33.2,0,3
2025 / 03,Brooklyn,10,38.9,148,3
2025 / 03,Brooklyn,11,35.3,0,3
2025 / 03,Brooklyn,12,36.8,0,3
2025 / 03,Brooklyn,13,13.8,113.6,3
2025 / 03,Brooklyn,14,67.6,0,3
2025 / 03,Brooklyn,15,42.9,143.3,3
2025 / 03,Brooklyn,16,13.7,0,3
2025 / 03,Brooklyn,17,53.3,46.1,3
2025 / 03,Brooklyn,18,82.2,0,3
2025 / 03,Manhattan,1,9,0,1
2025 / 03,Manhattan,2,22.9,26.4,1
2025 / 03,Manhattan,3,21.5,46.1,1
2025 / 03,Manhattan,4,45.8,0,1
2025 / 03,Manhattan,5,7.5,0,1
2025 / 03,Manhattan,6,25,0,1
2025 / 03,Manhattan,7,128.3,39.4,1
2025 / 03,Manhattan,8,42.8,0,1
2025 / 03,Manhattan,9,21.4,82.6,1
2025 / 03,Manhattan,10,10.5,0,1
2025 / 03,Manhattan,11,13.8,54.5,1
2025 / 03,Manhattan,12,29.2,53.9,1
2025 / 03,Queens,1,83.2,200.8,4
2025 / 03,Queens,2,45,204.3,4
2025 / 03,Queens,3,43.1,0,4
2025 / 03,Queens,4,24.2,0,4
2025 / 03,Queens,5,78.1,120.8,4
2025 / 03,Queens,6,62.9,0,4
2025 / 03,Queens,7,73.9,155.6,4
2025 / 03,Queens,8,83.1,0,4
2025 / 03,Queens,9,80.6,106.4,4
2025 / 03,Queens,10,24.7,80.8,4
2025 / 03,Queens,11,76.9,87.3,4
2025 / 03,Queens,12,160.2,86.6,4
2025 / 03,Queens,13,66.2,66.9,4
2025 / 03,Queens,14,42.8,0,4
2025 / 03,Staten Island,1,165.4,0,5
2025 / 03,Staten Island,2,162.9,34,5
2025 / 03,Staten Island,3,233.5,35.8,5
2025 / 02,Bronx,1,5.7,68.5,2
2025 / 02,Bronx,2,2.3,0,2
2025 / 02,Bronx,3,2.2,72.4,2
2025 / 02,Bronx,4,5,61.2,2
2025 / 02,Bronx,5,7.5,62.9,2
2025 / 02,Bronx,6,4.2,42.1,2
2025 / 02,Bronx,7,4.2,33.4,2
2025 / 02,Bronx,8,43.7,0,2
2025 / 02,Bronx,9,17,0,2
2025 / 02,Bronx,10,28.3,47.4,2
2025 / 02,Bronx,11,24.2,64.3,2
2025 / 02,Bronx,12,43.1,0,2
2025 / 02,Brooklyn,1,33.9,36.2,3
2025 / 02,Brooklyn,2,70.1,36.6,3
2025 / 02,Brooklyn,3,66.7,60,3
2025 / 02,Brooklyn,4,56.1,56.3,3
2025 / 02,Brooklyn,5,23,0,3
2025 / 02,Brooklyn,6,64.6,63.4,3
2025 / 02,Brooklyn,7,50.9,59.4,3
2025 / 02,Brooklyn,8,40,41.1,3
2025 / 02,Brooklyn,9,26.9,0,3
2025 / 02,Brooklyn,10,31.5,102.7,3
2025 / 02,Brooklyn,11,24.9,6.1,3
2025 / 02,Brooklyn,12,23.2,0,3
2025 / 02,Brooklyn,13,8.9,87.1,3
2025 / 02,Brooklyn,14,37.1,0,3
2025 / 02,Brooklyn,15,32.9,119.1,3
2025 / 02,Brooklyn,16,9.2,0,3
2025 / 02,Brooklyn,17,41.3,34.7,3
2025 / 02,Brooklyn,18,51.3,0,3
2025 / 02,Manhattan,1,7.3,0,1
2025 / 02,Manhattan,2,18.3,17.8,1
2025 / 02,Manhattan,3,14.4,37.6,1
2025 / 02,Manhattan,4,38.3,0,1
2025 / 02,Manhattan,5,6,0,1
2025 / 02,Manhattan,6,22.2,0,1
2025 / 02,Manhattan,7,111.2,33.6,1
2025 / 02,Manhattan,8,37.4,0,1
2025 / 02,Manhattan,9,18.6,70.6,1
2025 / 02,Manhattan,10,18,0.4,1
2025 / 02,Manhattan,11,15.4,46.4,1
2025 / 02,Manhattan,12,27.4,40.6,1
2025 / 02,Queens,1,49.5,173.2,4
2025 / 02,Queens,2,32.3,162.7,4
2025 / 02,Queens,3,34,0,4
2025 / 02,Queens,4,18.5,0,4
2025 / 02,Queens,5,44.9,84.8,4
2025 / 02,Queens,6,37.8,0,4
2025 / 02,Queens,7,37.7,116.2,4
2025 / 02,Queens,8,49.5,0,4
2025 / 02,Queens,9,58.2,71.3,4
2025 / 02,Queens,10,26.6,65.2,4
2025 / 02,Queens,11,39.9,68.3,4
2025 / 02,Queens,12,75,66.6,4
2025 / 02,Queens,13,53,51.3,4
2025 / 02,Queens,14,30.2,0,4
2025 / 02,Staten Island,1,96.3,0,5
2025 / 02,Staten Island,2,98.1,27.4,5
2025 / 02,Staten Island,3,121.9,25.7,5
2025 / 01,Bronx,1,9.9,95.6,2
2025 / 01,Bronx,2,6.4,0,2
2025 / 01,Bronx,3,6.2,94.5,2
2025 / 01,Bronx,4,8.6,69.3,2
2025 / 01,Bronx,5,10.2,77.3,2
2025 / 01,Bronx,6,4.8,60,2
2025 / 01,Bronx,7,7.3,44.8,2
2025 / 01,Bronx,8,61.7,0,2
2025 / 01,Bronx,9,28.6,0,2
2025 / 01,Bronx,10,41,62.2,2
2025 / 01,Bronx,11,39,81.5,2
2025 / 01,Bronx,12,67,0,2
2025 / 01,Brooklyn,1,71.5,43.2,3
2025 / 01,Brooklyn,2,132,44.6,3
2025 / 01,Brooklyn,3,118,70.9,3
2025 / 01,Brooklyn,4,55,72.8,3
2025 / 01,Brooklyn,5,40.8,0,3
2025 / 01,Brooklyn,6,97.2,77.2,3
2025 / 01,Brooklyn,7,65.9,79.5,3
2025 / 01,Brooklyn,8,66.2,53,3
2025 / 01,Brooklyn,9,40.4,0,3
2025 / 01,Brooklyn,10,46.3,131.5,3
2025 / 01,Brooklyn,11,42.5,0,3
2025 / 01,Brooklyn,12,31.5,0,3
2025 / 01,Brooklyn,13,16.1,108.3,3
2025 / 01,Brooklyn,14,64.9,0,3
2025 / 01,Brooklyn,15,47.7,136.8,3
2025 / 01,Brooklyn,16,18.2,0,3
2025 / 01,Brooklyn,17,65.4,45.4,3
2025 / 01,Brooklyn,18,90.9,0,3
2025 / 01,Manhattan,1,27.8,0,1
2025 / 01,Manhattan,2,47.7,23.1,1
2025 / 01,Manhattan,3,26,49.2,1
2025 / 01,Manhattan,4,64.8,0,1
2025 / 01,Manhattan,5,18.1,0,1
2025 / 01,Manhattan,6,46.9,0,1
2025 / 01,Manhattan,7,185.2,41.4,1
2025 / 01,Manhattan,8,102.8,0,1
2025 / 01,Manhattan,9,27,81.7,1
2025 / 01,Manhattan,10,27.5,0,1
2025 / 01,Manhattan,11,25.7,56.5,1
2025 / 01,Manhattan,12,39.1,49.5,1
2025 / 01,Queens,1,90.2,214,4
2025 / 01,Queens,2,51.4,208.5,4
2025 / 01,Queens,3,50.3,0,4
2025 / 01,Queens,4,26.7,0,4
2025 / 01,Queens,5,76.3,112.9,4
2025 / 01,Queens,6,57.1,0,4
2025 / 01,Queens,7,54.3,148.4,4
2025 / 01,Queens,8,70.7,0,4
2025 / 01,Queens,9,68.6,107,4
2025 / 01,Queens,10,31,80.6,4
2025 / 01,Queens,11,63.5,92,4
2025 / 01,Queens,12,119.2,82.4,4
2025 / 01,Queens,13,60.4,60.2,4
2025 / 01,Queens,14,44.2,0,4
2025 / 01,Staten Island,1,170.6,0,5
2025 / 01,Staten Island,2,148.2,34.3,5
2025 / 01,Staten Island,3,169.4,34.8,5
2024 / 12,Bronx,1,23.5,76.5,2
2024 / 12,Bronx,2,2.1,0,2
2024 / 12,Bronx,3,8.5,77.7,2
2024 / 12,Bronx,4,11,51.8,2
2024 / 12,Bronx,5,10.5,60.8,2
2024 / 12,Bronx,6,5.2,40.1,2
2024 / 12,Bronx,7,8.5,30.6,2
2024 / 12,Bronx,8,78.3,0,2
2024 / 12,Bronx,9,59.3,0,2
2024 / 12,Bronx,10,80.1,45.9,2
2024 / 12,Bronx,11,66.6,67.9,2
2024 / 12,Bronx,12,111.9,0,2
2024 / 12,Brooklyn,1,53.3,38.9,3
2024 / 12,Brooklyn,2,123.6,39.7,3
2024 / 12,Brooklyn,3,151,59.8,3
2024 / 12,Brooklyn,4,67.5,60.9,3
2024 / 12,Brooklyn,5,53.2,0,3
2024 / 12,Brooklyn,6,109.8,70.9,3
2024 / 12,Brooklyn,7,74,79,3
2024 / 12,Brooklyn,8,65.2,46.6,3
2024 / 12,Brooklyn,9,43.2,0,3
2024 / 12,Brooklyn,10,53.9,116.1,3
2024 / 12,Brooklyn,11,48.7,4.6,3
2024 / 12,Brooklyn,12,64.3,0,3
2024 / 12,Brooklyn,13,28.4,94.5,3
2024 / 12,Brooklyn,14,111.7,0,3
2024 / 12,Brooklyn,15,76.3,118,3
2024 / 12,Brooklyn,16,28.3,0,3
2024 / 12,Brooklyn,17,93.4,38.8,3
2024 / 12,Brooklyn,18,134.2,0,3
2024 / 12,Manhattan,1,8.6,0,1
2024 / 12,Manhattan,2,19.8,20.2,1
2024 / 12,Manhattan,3,28.9,40.4,1
2024 / 12,Manhattan,4,30.6,0,1
2024 / 12,Manhattan,5,7.5,0,1
2024 / 12,Manhattan,6,22.7,0,1
2024 / 12,Manhattan,7,129,34.4,1
2024 / 12,Manhattan,8,34.6,0,1
2024 / 12,Manhattan,9,24.9,72.9,1
2024 / 12,Manhattan,10,24.2,0,1
2024 / 12,Manhattan,11,29.3,54.1,1
2024 / 12,Manhattan,12,32.3,39.3,1
2024 / 12,Queens,1,97.5,183.2,4
2024 / 12,Queens,2,51,165.3,4
2024 / 12,Queens,3,55.1,0,4
2024 / 12,Queens,4,31.7,0,4
2024 / 12,Queens,5,100.2,84.1,4
2024 / 12,Queens,6,97.7,0,4
2024 / 12,Queens,7,105.2,114.7,4
2024 / 12,Queens,8,130.9,0,4
2024 / 12,Queens,9,115.5,93.7,4
2024 / 12,Queens,10,42.3,66.2,4
2024 / 12,Queens,11,123.4,75,4
2024 / 12,Queens,12,264.9,79,4
2024 / 12,Queens,13,90.2,50,4
2024 / 12,Queens,14,45.1,0,4
2024 / 12,Staten Island,1,309,0,5
2024 / 12,Staten Island,2,264,25.2,5
2024 / 12,Staten Island,3,303.3,28.9,5
2024 / 11,Bronx,1,27.7,83.2,2
2024 / 11,Bronx,2,4.8,0,2
2024 / 11,Bronx,3,11.7,88.4,2
2024 / 11,Bronx,4,10.9,55.1,2
2024 / 11,Bronx,5,11.5,67.8,2
2024 / 11,Bronx,6,5.1,39.5,2
2024 / 11,Bronx,7,10.6,43.8,2
2024 / 11,Bronx,8,93.8,0,2
2024 / 11,Bronx,9,83.7,0,2
2024 / 11,Bronx,10,106.6,49.4,2
2024 / 11,Bronx,11,129.2,78,2
2024 / 11,Bronx,12,211.5,0,2
2024 / 11,Brooklyn,1,67.1,37.1,3
2024 / 11,Brooklyn,2,136.1,46,3
2024 / 11,Brooklyn,3,195.1,59.7,3
2024 / 11,Brooklyn,4,47.3,70,3
2024 / 11,Brooklyn,5,68.1,0,3
2024 / 11,Brooklyn,6,138.8,72.7,3
2024 / 11,Brooklyn,7,80,83.9,3
2024 / 11,Brooklyn,8,64,50.6,3
2024 / 11,Brooklyn,9,76.6,0,3
2024 / 11,Brooklyn,10,75.9,115.6,3
2024 / 11,Brooklyn,11,76.1,0,3
2024 / 11,Brooklyn,12,78.5,0,3
2024 / 11,Brooklyn,13,42.6,101.5,3
2024 / 11,Brooklyn,14,131.9,0,3
2024 / 11,Brooklyn,15,129.6,124.4,3
2024 / 11,Brooklyn,16,60.7,0,3
2024 / 11,Brooklyn,17,151.3,40.2,3
2024 / 11,Brooklyn,18,245.2,0,3
2024 / 11,Manhattan,1,7.8,0,1
2024 / 11,Manhattan,2,11.5,22.7,1
2024 / 11,Manhattan,3,38.2,43.2,1
2024 / 11,Manhattan,4,38,0,1
2024 / 11,Manhattan,5,5.3,0,1
2024 / 11,Manhattan,6,21.9,0,1
2024 / 11,Manhattan,7,109.6,39.8,1
2024 / 11,Manhattan,8,30.3,0,1
2024 / 11,Manhattan,9,24.6,72.8,1
2024 / 11,Manhattan,10,22.4,0,1
2024 / 11,Manhattan,11,44.8,67,1
2024 / 11,Manhattan,12,29,38.4,1
2024 / 11,Queens,1,129.9,185.6,4
2024 / 11,Queens,2,62.5,179.2,4
2024 / 11,Queens,3,70.6,0,4
2024 / 11,Queens,4,41.1,0,4
2024 / 11,Queens,5,154,104.9,4
2024 / 11,Queens,6,151.4,0,4
2024 / 11,Queens,7,193.7,114.8,4
2024 / 11,Queens,8,177.1,0,4
2024 / 11,Queens,9,179.2,100.3,4
2024 / 11,Queens,10,68.6,66.4,4
2024 / 11,Queens,11,233.8,85,4
2024 / 11,Queens,12,454.8,84.4,4
2024 / 11,Queens,13,158,59.3,4
2024 / 11,Queens,14,71.7,0,4
2024 / 11,Staten Island,1,477.2,0,5
2024 / 11,Staten Island,2,375,25.4,5
2024 / 11,Staten Island,3,482,31.5,5
2024 / 10,Bronx,1,4.5,92.4,2
2024 / 10,Bronx,2,1.3,0,2
2024 / 10,Bronx,3,7.5,117.8,2
2024 / 10,Bronx,4,3.7,76.1,2
2024 / 10,Bronx,5,7.4,86.3,2
2024 / 10,Bronx,6,6.6,49.5,2
2024 / 10,Bronx,7,5.9,46.1,2
2024 / 10,Bronx,8,60.9,0,2
2024 / 10,Bronx,9,28,0,2
2024 / 10,Bronx,10,54.8,64.2,2
2024 / 10,Bronx,11,41.1,98.5,2
2024 / 10,Bronx,12,86.9,0,2
2024 / 10,Brooklyn,1,51,52.1,3
2024 / 10,Brooklyn,2,87.9,60.2,3
2024 / 10,Brooklyn,3,104.3,76.4,3
2024 / 10,Brooklyn,4,54.4,93.8,3
2024 / 10,Brooklyn,5,32,0,3
2024 / 10,Brooklyn,6,89.9,88.5,3
2024 / 10,Brooklyn,7,52.5,106.8,3
2024 / 10,Brooklyn,8,57.4,66.7,3
2024 / 10,Brooklyn,9,42.7,0,3
2024 / 10,Brooklyn,10,47.7,139.9,3
2024 / 10,Brooklyn,11,38,0,3
2024 / 10,Brooklyn,12,42.1,0,3
2024 / 10,Brooklyn,13,18,111.3,3
2024 / 10,Brooklyn,14,76.1,0,3
2024 / 10,Brooklyn,15,64.8,143.5,3
2024 / 10,Brooklyn,16,22.6,0,3
2024 / 10,Brooklyn,17,80.7,48.3,3
2024 / 10,Brooklyn,18,126.5,0,3
2024 / 10,Manhattan,1,3,0,1
2024 / 10,Manhattan,2,6.4,34.8,1
2024 / 10,Manhattan,3,11.3,52.9,1
2024 / 10,Manhattan,4,13.2,0,1
2024 / 10,Manhattan,5,2.5,0,1
2024 / 10,Manhattan,6,14.7,0,1
2024 / 10,Manhattan,7,77.2,51.9,1
2024 / 10,Manhattan,8,10.5,0,1
2024 / 10,Manhattan,9,7.8,99.2,1
2024 / 10,Manhattan,10,7.3,0,1
2024 / 10,Manhattan,11,9.1,79.3,1
2024 / 10,Manhattan,12,13.1,55.8,1
2024 / 10,Queens,1,91.4,231.7,4
2024 / 10,Queens,2,43.3,224.6,4
2024 / 10,Queens,3,45.1,0,4
2024 / 10,Queens,4,34.2,0,4
2024 / 10,Queens,5,103.8,126.4,4
2024 / 10,Queens,6,89.9,0,4
2024 / 10,Queens,7,109.6,152.4,4
2024 / 10,Queens,8,93.5,0,4
2024 / 10,Queens,9,119.1,130.2,4
2024 / 10,Queens,10,42.7,95.7,4
2024 / 10,Queens,11,115.1,105.7,4
2024 / 10,Queens,12,288.1,117.7,4
2024 / 10,Queens,13,90.3,75,4
2024 / 10,Queens,14,61.3,0,4
2024 / 10,Staten Island,1,216.6,0,5
2024 / 10,Staten Island,2,171.2,30.3,5
2024 / 10,Staten Island,3,230.8,40.2,5
2024 / 09,Bronx,1,0,77.1,2
2024 / 09,Bronx,2,0,0,2
2024 / 09,Bronx,3,0,93.8,2
2024 / 09,Bronx,4,0,75.1,2
2024 / 09,Bronx,5,0,68,2
2024 / 09,Bronx,6,0,43.1,2
2024 / 09,Bronx,7,0,39.1,2
2024 / 09,Bronx,8,33.9,0,2
2024 / 09,Bronx,9,0,0,2
2024 / 09,Bronx,10,0,59.9,2
2024 / 09,Bronx,11,0,79.1,2
2024 / 09,Bronx,12,0,0,2
2024 / 09,Brooklyn,1,33,42,3
2024 / 09,Brooklyn,2,69.8,47.8,3
2024 / 09,Brooklyn,3,69.8,63.2,3
2024 / 09,Brooklyn,4,40.5,70.6,3
2024 / 09,Brooklyn,5,21.1,0,3
2024 / 09,Brooklyn,6,77.7,71.2,3
2024 / 09,Brooklyn,7,43.6,80.9,3
2024 / 09,Brooklyn,8,36.8,55.2,3
2024 / 09,Brooklyn,9,31.6,0,3
2024 / 09,Brooklyn,10,32.5,120.3,3
2024 / 09,Brooklyn,11,19.6,0,3
2024 / 09,Brooklyn,12,26.4,0,3
2024 / 09,Brooklyn,13,10.9,102.2,3
2024 / 09,Brooklyn,14,45.4,0,3
2024 / 09,Brooklyn,15,29.5,127.3,3
2024 / 09,Brooklyn,16,12.1,0,3
2024 / 09,Brooklyn,17,48.4,37.1,3
2024 / 09,Brooklyn,18,75.8,0,3
2024 / 09,Manhattan,1,0,0,1
2024 / 09,Manhattan,2,0,31.1,1
2024 / 09,Manhattan,3,0,53.2,1
2024 / 09,Manhattan,4,0,0,1
2024 / 09,Manhattan,5,0,0,1
2024 / 09,Manhattan,6,8.5,0,1
2024 / 09,Manhattan,7,54.7,47.4,1
2024 / 09,Manhattan,8,0,0,1
2024 / 09,Manhattan,9,0,86,1
2024 / 09,Manhattan,10,0,0,1
2024 / 09,Manhattan,11,0,66.4,1
2024 / 09,Manhattan,12,0,52.1,1
2024 / 09,Queens,1,56.9,191.3,4
2024 / 09,Queens,2,29.1,196.7,4
2024 / 09,Queens,3,33.7,0,4
2024 / 09,Queens,4,25.3,0,4
2024 / 09,Queens,5,62,113.8,4
2024 / 09,Queens,6,55.4,0,4
2024 / 09,Queens,7,74.1,141.5,4
2024 / 09,Queens,8,53.8,0,4
2024 / 09,Queens,9,71.7,112.2,4
2024 / 09,Queens,10,29.2,73,4
2024 / 09,Queens,11,61.7,79.7,4
2024 / 09,Queens,12,207,95,4
2024 / 09,Queens,13,56.4,54.6,4
2024 / 09,Queens,14,54.7,0,4
2024 / 09,Staten Island,1,0,0,5
2024 / 09,Staten Island,2,0,21.9,5
2024 / 09,Staten Island,3,0,33.8,5
2024 / 08,Bronx,1,0,11.6,2
2024 / 08,Bronx,2,0,0,2
2024 / 08,Bronx,3,0,17.9,2
2024 / 08,Bronx,4,0,0,2
2024 / 08,Bronx,5,0,0,2
2024 / 08,Bronx,6,0,9.8,2
2024 / 08,Bronx,7,0,16.4,2
2024 / 08,Bronx,8,45.2,0,2
2024 / 08,Bronx,9,0,0,2
2024 / 08,Bronx,10,0,0,2
2024 / 08,Bronx,11,0,17.6,2
2024 / 08,Bronx,12,0,0,2
2024 / 08,Brooklyn,1,38.3,10.8,3
2024 / 08,Brooklyn,2,72.6,0,3
2024 / 08,Brooklyn,3,66,0,3
2024 / 08,Brooklyn,4,47.6,26.1,3
2024 / 08,Brooklyn,5,23.8,0,3
2024 / 08,Brooklyn,6,75.9,0,3
2024 / 08,Brooklyn,7,42,0,3
2024 / 08,Brooklyn,8,45.2,0,3
2024 / 08,Brooklyn,9,35.7,0,3
2024 / 08,Brooklyn,10,36.5,0,3
2024 / 08,Brooklyn,11,22.8,43.1,3
2024 / 08,Brooklyn,12,26.5,16.6,3
2024 / 08,Brooklyn,13,13.4,0,3
2024 / 08,Brooklyn,14,54.1,23.7,3
2024 / 08,Brooklyn,15,35.6,0,3
2024 / 08,Brooklyn,16,17.4,0,3
2024 / 08,Brooklyn,17,61.2,10.3,3
2024 / 08,Brooklyn,18,96.1,0,3
2024 / 08,Manhattan,1,0,0,1
2024 / 08,Manhattan,2,0,0,1
2024 / 08,Manhattan,3,0,17,1
2024 / 08,Manhattan,4,0,20.8,1
2024 / 08,Manhattan,5,0,0,1
2024 / 08,Manhattan,6,9.5,0,1
2024 / 08,Manhattan,7,54.4,21.9,1
2024 / 08,Manhattan,8,0,0,1
2024 / 08,Manhattan,9,0,16.1,1
2024 / 08,Manhattan,10,0,0,1
2024 / 08,Manhattan,11,0,19.4,1
2024 / 08,Manhattan,12,0,0,1
2024 / 08,Queens,1,87.2,38.7,4
2024 / 08,Queens,2,35.7,0,4
2024 / 08,Queens,3,41.9,0,4
2024 / 08,Queens,4,30.8,0,4
2024 / 08,Queens,5,69,56,4
2024 / 08,Queens,6,63.5,0,4
2024 / 08,Queens,7,65.6,47.9,4
2024 / 08,Queens,8,75,0,4
2024 / 08,Queens,9,89.9,0,4
2024 / 08,Queens,10,31.6,21.2,4
2024 / 08,Queens,11,73,0,4
2024 / 08,Queens,12,291.4,0,4
2024 / 08,Queens,13,71,16.5,4
2024 / 08,Queens,14,70.8,0,4
2024 / 08,Staten Island,1,0,0.1,5
2024 / 08,Staten Island,2,0,0,5
2024 / 08,Staten Island,3,0,17.1,5
2024 / 07,Bronx,1,0,30.7,2
2024 / 07,Bronx,2,0,0,2
2024 / 07,Bronx,3,0,39.3,2
2024 / 07,Bronx,4,0,0,2
2024 / 07,Bronx,5,0,0,2
2024 / 07,Bronx,6,0,24,2
2024 / 07,Bronx,7,0,33.1,2
2024 / 07,Bronx,8,38.6,0,2
2024 / 07,Bronx,9,0,0,2
2024 / 07,Bronx,10,0,0,2
2024 / 07,Bronx,11,0,36.5,2
2024 / 07,Bronx,12,0,0,2
2024 / 07,Brooklyn,1,35.6,24.3,3
2024 / 07,Brooklyn,2,76.1,0,3
2024 / 07,Brooklyn,3,77.2,0,3
2024 / 07,Brooklyn,4,44.3,52.9,3
2024 / 07,Brooklyn,5,24.6,0,3
2024 / 07,Brooklyn,6,82.6,0,3
2024 / 07,Brooklyn,7,49.9,0,3
2024 / 07,Brooklyn,8,49.9,0,3
2024 / 07,Brooklyn,9,32.8,0,3
2024 / 07,Brooklyn,10,34,0,3
2024 / 07,Brooklyn,11,19.1,87.4,3
2024 / 07,Brooklyn,12,24.9,38.2,3
2024 / 07,Brooklyn,13,10.1,0,3
2024 / 07,Brooklyn,14,51.9,51.2,3
2024 / 07,Brooklyn,15,38.1,0,3
2024 / 07,Brooklyn,16,12.8,0,3
2024 / 07,Brooklyn,17,68.9,25.4,3
2024 / 07,Brooklyn,18,86.4,0,3
2024 / 07,Manhattan,1,0,0,1
2024 / 07,Manhattan,2,0,0,1
2024 / 07,Manhattan,3,0,33.6,1
2024 / 07,Manhattan,4,0,25.6,1
2024 / 07,Manhattan,5,0,0,1
2024 / 07,Manhattan,6,11.3,0,1
2024 / 07,Manhattan,7,58.3,47,1
2024 / 07,Manhattan,8,0,0,1
2024 / 07,Manhattan,9,0,26.9,1
2024 / 07,Manhattan,10,0,0,1
2024 / 07,Manhattan,11,0,45.6,1
2024 / 07,Manhattan,12,0,0,1
2024 / 07,Queens,1,94.3,77.5,4
2024 / 07,Queens,2,32.7,0,4
2024 / 07,Queens,3,35,0,4
2024 / 07,Queens,4,28.1,0,4
2024 / 07,Queens,5,78.6,109.5,4
2024 / 07,Queens,6,52.7,0,4
2024 / 07,Queens,7,70.6,89.9,4
2024 / 07,Queens,8,73.1,0,4
2024 / 07,Queens,9,86,0,4
2024 / 07,Queens,10,35.6,40,4
2024 / 07,Queens,11,71.2,0,4
2024 / 07,Queens,12,249.5,0,4
2024 / 07,Queens,13,93.4,36.7,4
2024 / 07,Queens,14,60.7,0,4
2024 / 07,Staten Island,1,0,0,5
2024 / 07,Staten Island,2,0,0,5
2024 / 07,Staten Island,3,0,34.3,5
2024 / 06,Bronx,1,0,0,2
2024 / 06,Bronx,2,0,57.8,2
2024 / 06,Bronx,3,0,61.6,2
2024 / 06,Bronx,4,0,51.6,2
2024 / 06,Bronx,5,0,44.1,2
2024 / 06,Bronx,6,0,35.2,2
2024 / 06,Bronx,7,0,0,2
2024 / 06,Bronx,8,42.3,27.2,2
2024 / 06,Bronx,9,0,42,2
2024 / 06,Bronx,10,0,0,2
2024 / 06,Bronx,11,0,0,2
2024 / 06,Bronx,12,0,45.5,2
2024 / 06,Brooklyn,1,41,33.9,3
2024 / 06,Brooklyn,2,86,33.8,3
2024 / 06,Brooklyn,3,80.9,42,3
2024 / 06,Brooklyn,4,48.6,0,3
2024 / 06,Brooklyn,5,27.2,106.6,3
2024 / 06,Brooklyn,6,106.8,61.5,3
2024 / 06,Brooklyn,7,58.1,0,3
2024 / 06,Brooklyn,8,52.7,36,3
2024 / 06,Brooklyn,9,38.3,0,3
2024 / 06,Brooklyn,10,38.3,0,3
2024 / 06,Brooklyn,11,22.4,132.2,3
2024 / 06,Brooklyn,12,29.4,59.3,3
2024 / 06,Brooklyn,13,8.6,0,3
2024 / 06,Brooklyn,14,54.4,72.5,3
2024 / 06,Brooklyn,15,39.1,0,3
2024 / 06,Brooklyn,16,12.4,27.3,3
2024 / 06,Brooklyn,17,68.6,0,3
2024 / 06,Brooklyn,18,101.4,148.2,3
2024 / 06,Manhattan,1,0,0,1
2024 / 06,Manhattan,2,0,25,1
2024 / 06,Manhattan,3,0,37.9,1
2024 / 06,Manhattan,4,0,0,1
2024 / 06,Manhattan,5,0,0,1
2024 / 06,Manhattan,6,7.3,0,1
2024 / 06,Manhattan,7,60.5,39.9,1
2024 / 06,Manhattan,8,0,0,1
2024 / 06,Manhattan,9,0,72.9,1
2024 / 06,Manhattan,10,0,38.3,1
2024 / 06,Manhattan,11,0,0,1
2024 / 06,Manhattan,12,0,39.2,1
2024 / 06,Queens,1,84.4,178.1,4
2024 / 06,Queens,2,37.5,160.6,4
2024 / 06,Queens,3,37.5,0,4
2024 / 06,Queens,4,28.9,0,4
2024 / 06,Queens,5,73,107.9,4
2024 / 06,Queens,6,63,0,4
2024 / 06,Queens,7,77.6,139.9,4
2024 / 06,Queens,8,65.8,5.3,4
2024 / 06,Queens,9,98.7,90.7,4
2024 / 06,Queens,10,31.7,55.7,4
2024 / 06,Queens,11,79.5,58.1,4
2024 / 06,Queens,12,289.3,84.5,4
2024 / 06,Queens,13,85.5,42.2,4
2024 / 06,Queens,14,68,0,4
2024 / 06,Staten Island,1,0,0,5
2024 / 06,Staten Island,2,0,17,5
2024 / 06,Staten Island,3,0,24,5
2024 / 05,Bronx,1,0,0,2
2024 / 05,Bronx,2,0,107,2
2024 / 05,Bronx,3,0,107.4,2
2024 / 05,Bronx,4,0,100,2
2024 / 05,Bronx,5,0,85.2,2
2024 / 05,Bronx,6,0,56.8,2
2024 / 05,Bronx,7,0,0,2
2024 / 05,Bronx,8,51.7,48.1,2
2024 / 05,Bronx,9,0,74.6,2
2024 / 05,Bronx,10,0,0,2
2024 / 05,Bronx,11,0,0,2
2024 / 05,Bronx,12,0,90.6,2
2024 / 05,Brooklyn,1,45.4,51.3,3
2024 / 05,Brooklyn,2,95.5,45,3
2024 / 05,Brooklyn,3,82.8,76.1,3
2024 / 05,Brooklyn,4,52.3,0,3
2024 / 05,Brooklyn,5,27.3,162.9,3
2024 / 05,Brooklyn,6,114.5,89,3
2024 / 05,Brooklyn,7,67,0,3
2024 / 05,Brooklyn,8,42.1,67.5,3
2024 / 05,Brooklyn,9,41.2,0,3
2024 / 05,Brooklyn,10,41.7,0,3
2024 / 05,Brooklyn,11,24.4,188.3,3
2024 / 05,Brooklyn,12,31.1,118.3,3
2024 / 05,Brooklyn,13,11.6,0,3
2024 / 05,Brooklyn,14,54.7,124.2,3
2024 / 05,Brooklyn,15,49.1,0,3
2024 / 05,Brooklyn,16,13.8,43.6,3
2024 / 05,Brooklyn,17,63.2,0,3
2024 / 05,Brooklyn,18,92.5,198.4,3
2024 / 05,Manhattan,1,0,0,1
2024 / 05,Manhattan,2,0,41.4,1
2024 / 05,Manhattan,3,0,59.6,1
2024 / 05,Manhattan,4,0,0,1
2024 / 05,Manhattan,5,0,0,1
2024 / 05,Manhattan,6,9.5,0,1
2024 / 05,Manhattan,7,71.7,58.6,1
2024 / 05,Manhattan,8,0,0,1
2024 / 05,Manhattan,9,0,104.7,1
2024 / 05,Manhattan,10,0,68.7,1
2024 / 05,Manhattan,11,0,0,1
2024 / 05,Manhattan,12,0,64.4,1
2024 / 05,Queens,1,85.7,265.7,4
2024 / 05,Queens,2,39.8,239.2,4
2024 / 05,Queens,3,41.4,0,4
2024 / 05,Queens,4,29.1,0,4
2024 / 05,Queens,5,89.4,137.2,4
2024 / 05,Queens,6,70.3,0,4
2024 / 05,Queens,7,101.7,199.9,4
2024 / 05,Queens,8,96.5,5.4,4
2024 / 05,Queens,9,96.8,137.7,4
2024 / 05,Queens,10,43.1,92.6,4
2024 / 05,Queens,11,100.1,91,4
2024 / 05,Queens,12,341.8,121.2,4
2024 / 05,Queens,13,91.9,65.3,4
2024 / 05,Queens,14,75.9,0,4
2024 / 05,Staten Island,1,0,0,5
2024 / 05,Staten Island,2,0,24.8,5
2024 / 05,Staten Island,3,0,41.5,5
2024 / 04,Bronx,1,0,0,2
2024 / 04,Bronx,2,0,60.7,2
2024 / 04,Bronx,3,0,67.6,2
2024 / 04,Bronx,4,0,56.9,2
2024 / 04,Bronx,5,0,49.8,2
2024 / 04,Bronx,6,0,35.5,2
2024 / 04,Bronx,7,0,0,2
2024 / 04,Bronx,8,43.8,29.1,2
2024 / 04,Bronx,9,0,42.7,2
2024 / 04,Bronx,10,0,0,2
2024 / 04,Bronx,11,0,0,2
2024 / 04,Bronx,12,0,52,2
2024 / 04,Brooklyn,1,38.3,35.1,3
2024 / 04,Brooklyn,2,79.9,29.3,3
2024 / 04,Brooklyn,3,78.6,48,3
2024 / 04,Brooklyn,4,46.4,0,3
2024 / 04,Brooklyn,5,22.7,96.3,3
2024 / 04,Brooklyn,6,97.6,54.4,3
2024 / 04,Brooklyn,7,61.6,0,3
2024 / 04,Brooklyn,8,39.9,45.3,3
2024 / 04,Brooklyn,9,31.2,0,3
2024 / 04,Brooklyn,10,37.1,0,3
2024 / 04,Brooklyn,11,21.3,91.5,3
2024 / 04,Brooklyn,12,25.9,79.1,3
2024 / 04,Brooklyn,13,8.6,0,3
2024 / 04,Brooklyn,14,44,77,3
2024 / 04,Brooklyn,15,29.3,0,3
2024 / 04,Brooklyn,16,10.3,25.1,3
2024 / 04,Brooklyn,17,57.6,0,3
2024 / 04,Brooklyn,18,83.4,103.5,3
2024 / 04,Manhattan,1,0,0,1
2024 / 04,Manhattan,2,0,21.2,1
2024 / 04,Manhattan,3,0,34.9,1
2024 / 04,Manhattan,4,0,0,1
2024 / 04,Manhattan,5,0,0,1
2024 / 04,Manhattan,6,10.9,0,1
2024 / 04,Manhattan,7,59.9,33.6,1
2024 / 04,Manhattan,8,0,0,1
2024 / 04,Manhattan,9,0,63,1
2024 / 04,Manhattan,10,0,43.9,1
2024 / 04,Manhattan,11,0,0,1
2024 / 04,Manhattan,12,0,30.4,1
2024 / 04,Queens,1,69.7,135.4,4
2024 / 04,Queens,2,35.5,143.8,4
2024 / 04,Queens,3,32.3,0,4
2024 / 04,Queens,4,23.3,0,4
2024 / 04,Queens,5,74.7,85.4,4
2024 / 04,Queens,6,45.7,0,4
2024 / 04,Queens,7,73.4,114.8,4
2024 / 04,Queens,8,68,4.2,4
2024 / 04,Queens,9,81.7,88.2,4
2024 / 04,Queens,10,27.6,53.7,4
2024 / 04,Queens,11,72.2,53.5,4
2024 / 04,Queens,12,176,71.1,4
2024 / 04,Queens,13,73.6,35.3,4
2024 / 04,Queens,14,47.8,0,4
2024 / 04,Staten Island,1,0,0,5
2024 / 04,Staten Island,2,0,17.4,5
2024 / 04,Staten Island,3,0,24.2,5
2024 / 03,Bronx,1,0,0,2
2024 / 03,Bronx,2,0,95.1,2
2024 / 03,Bronx,3,0,101.7,2
2024 / 03,Bronx,4,0,84.4,2
2024 / 03,Bronx,5,0,74,2
2024 / 03,Bronx,6,0,52.7,2
2024 / 03,Bronx,7,0,0,2
2024 / 03,Bronx,8,37.7,44.1,2
2024 / 03,Bronx,9,0,62.9,2
2024 / 03,Bronx,10,0,0,2
2024 / 03,Bronx,11,0,0,2
2024 / 03,Bronx,12,0,77.9,2
2024 / 03,Brooklyn,1,35.5,52.4,3
2024 / 03,Brooklyn,2,78.1,44.4,3
2024 / 03,Brooklyn,3,72.4,88.7,3
2024 / 03,Brooklyn,4,42.6,0,3
2024 / 03,Brooklyn,5,22.9,147.9,3
2024 / 03,Brooklyn,6,88.3,67.1,3
2024 / 03,Brooklyn,7,56.7,0,3
2024 / 03,Brooklyn,8,41.3,59,3
2024 / 03,Brooklyn,9,30.1,0,3
2024 / 03,Brooklyn,10,28.9,0,3
2024 / 03,Brooklyn,11,20,178,3
2024 / 03,Brooklyn,12,30.5,69.4,3
2024 / 03,Brooklyn,13,6.9,0,3
2024 / 03,Brooklyn,14,47.6,109.1,3
2024 / 03,Brooklyn,15,29.2,0,3
2024 / 03,Brooklyn,16,13,37.5,3
2024 / 03,Brooklyn,17,51.8,0,3
2024 / 03,Brooklyn,18,80.7,23.6,3
2024 / 03,Manhattan,1,0,0,1
2024 / 03,Manhattan,2,0,32.6,1
2024 / 03,Manhattan,3,0,49.7,1
2024 / 03,Manhattan,4,0,0,1
2024 / 03,Manhattan,5,0,0,1
2024 / 03,Manhattan,6,8.5,0,1
2024 / 03,Manhattan,7,61.5,45.5,1
2024 / 03,Manhattan,8,0,0,1
2024 / 03,Manhattan,9,0,89.9,1
2024 / 03,Manhattan,10,0,56.1,1
2024 / 03,Manhattan,11,0,0,1
2024 / 03,Manhattan,12,0,44.8,1
2024 / 03,Queens,1,74.2,20.6,4
2024 / 03,Queens,2,32.5,241.3,4
2024 / 03,Queens,3,33.8,0,4
2024 / 03,Queens,4,24.1,0,4
2024 / 03,Queens,5,58.5,130,4
2024 / 03,Queens,6,45.2,0,4
2024 / 03,Queens,7,70.4,173.6,4
2024 / 03,Queens,8,54.5,1.8,4
2024 / 03,Queens,9,78.2,131.8,4
2024 / 03,Queens,10,22.1,72,4
2024 / 03,Queens,11,68.2,71,4
2024 / 03,Queens,12,115.7,103.8,4
2024 / 03,Queens,13,53.1,50.5,4
2024 / 03,Queens,14,47.8,0,4
2024 / 03,Staten Island,1,0,0,5
2024 / 03,Staten Island,2,0,25.7,5
2024 / 03,Staten Island,3,0,34.1,5
2024 / 02,Bronx,1,0,0,2
2024 / 02,Bronx,2,0,73.5,2
2024 / 02,Bronx,3,0,76,2
2024 / 02,Bronx,4,0,67.9,2
2024 / 02,Bronx,5,0,50.7,2
2024 / 02,Bronx,6,0,39.5,2
2024 / 02,Bronx,7,0,0,2
2024 / 02,Bronx,8,29.3,32.3,2
2024 / 02,Bronx,9,0,47.1,2
2024 / 02,Bronx,10,0,0,2
2024 / 02,Bronx,11,0,0,2
2024 / 02,Bronx,12,0,55.1,2
2024 / 02,Brooklyn,1,32.6,36.7,3
2024 / 02,Brooklyn,2,67.1,39.2,3
2024 / 02,Brooklyn,3,57.4,67.3,3
2024 / 02,Brooklyn,4,28.9,0,3
2024 / 02,Brooklyn,5,17.3,102.3,3
2024 / 02,Brooklyn,6,68.2,54.2,3
2024 / 02,Brooklyn,7,52.5,0,3
2024 / 02,Brooklyn,8,36,51.9,3
2024 / 02,Brooklyn,9,24.9,0,3
2024 / 02,Brooklyn,10,26.4,0,3
2024 / 02,Brooklyn,11,16.8,119,3
2024 / 02,Brooklyn,12,19.6,59,3
2024 / 02,Brooklyn,13,8.3,0,3
2024 / 02,Brooklyn,14,31.4,84,3
2024 / 02,Brooklyn,15,39,0,3
2024 / 02,Brooklyn,16,10.8,23.8,3
2024 / 02,Brooklyn,17,40.6,0,3
2024 / 02,Brooklyn,18,61.7,0,3
2024 / 02,Manhattan,1,0,0,1
2024 / 02,Manhattan,2,0,27.3,1
2024 / 02,Manhattan,3,0,37.7,1
2024 / 02,Manhattan,4,0,0,1
2024 / 02,Manhattan,5,0,0,1
2024 / 02,Manhattan,6,7.9,0,1
2024 / 02,Manhattan,7,51.3,36.4,1
2024 / 02,Manhattan,8,0,0,1
2024 / 02,Manhattan,9,0,70.1,1
2024 / 02,Manhattan,10,0,38.5,1
2024 / 02,Manhattan,11,0,0,1
2024 / 02,Manhattan,12,0,31.7,1
2024 / 02,Queens,1,55.9,0,4
2024 / 02,Queens,2,26.2,167.9,4
2024 / 02,Queens,3,26.8,0,4
2024 / 02,Queens,4,17.1,0,4
2024 / 02,Queens,5,40.3,94.3,4
2024 / 02,Queens,6,29.1,0,4
2024 / 02,Queens,7,62.3,119.3,4
2024 / 02,Queens,8,58.2,1.4,4
2024 / 02,Queens,9,71.1,93,4
2024 / 02,Queens,10,37.1,56.2,4
2024 / 02,Queens,11,56,52.6,4
2024 / 02,Queens,12,93.2,76.2,4
2024 / 02,Queens,13,73.4,43,4
2024 / 02,Queens,14,35.1,0,4
2024 / 02,Staten Island,1,0,0,5
2024 / 02,Staten Island,2,0,16.1,5
2024 / 02,Staten Island,3,0,25,5
2024 / 01,Bronx,1,0,0,2
2024 / 01,Bronx,2,0,100.5,2
2024 / 01,Bronx,3,0,106.5,2
2024 / 01,Bronx,4,0,93.3,2
2024 / 01,Bronx,5,0,74.9,2
2024 / 01,Bronx,6,0,52.1,2
2024 / 01,Bronx,7,0,0,2
2024 / 01,Bronx,8,30.3,48.4,2
2024 / 01,Bronx,9,0,68.7,2
2024 / 01,Bronx,10,0,0,2
2024 / 01,Bronx,11,0,0,2
2024 / 01,Bronx,12,0,81.9,2
2024 / 01,Brooklyn,1,70.4,55,3
2024 / 01,Brooklyn,2,125.7,53,3
2024 / 01,Brooklyn,3,104.8,88.6,3
2024 / 01,Brooklyn,4,36.3,0,3
2024 / 01,Brooklyn,5,26.6,133.5,3
2024 / 01,Brooklyn,6,107.6,62,3
2024 / 01,Brooklyn,7,72.2,0,3
2024 / 01,Brooklyn,8,62.4,53.1,3
2024 / 01,Brooklyn,9,34.5,0,3
2024 / 01,Brooklyn,10,44.9,0,3
2024 / 01,Brooklyn,11,30.2,150.6,3
2024 / 01,Brooklyn,12,34.4,86.6,3
2024 / 01,Brooklyn,13,16.4,0,3
2024 / 01,Brooklyn,14,51.5,106.2,3
2024 / 01,Brooklyn,15,43,0,3
2024 / 01,Brooklyn,16,14.6,33,3
2024 / 01,Brooklyn,17,58.1,0,3
2024 / 01,Brooklyn,18,79.9,0,3
2024 / 01,Manhattan,1,0,0,1
2024 / 01,Manhattan,2,0,32.2,1
2024 / 01,Manhattan,3,0,56.9,1
2024 / 01,Manhattan,4,0,0,1
2024 / 01,Manhattan,5,0,0,1
2024 / 01,Manhattan,6,9.6,0,1
2024 / 01,Manhattan,7,61.7,47.6,1
2024 / 01,Manhattan,8,0,0,1
2024 / 01,Manhattan,9,0,92.8,1
2024 / 01,Manhattan,10,0,58.9,1
2024 / 01,Manhattan,11,0,0,1
2024 / 01,Manhattan,12,0,43.8,1
2024 / 01,Queens,1,93.9,0,4
2024 / 01,Queens,2,49.7,226.1,4
2024 / 01,Queens,3,34.3,0,4
2024 / 01,Queens,4,23.7,0,4
2024 / 01,Queens,5,60.4,133.8,4
2024 / 01,Queens,6,50,0,4
2024 / 01,Queens,7,86.7,122.5,4
2024 / 01,Queens,8,78.7,0,4
2024 / 01,Queens,9,105.2,127.5,4
2024 / 01,Queens,10,75.6,57.2,4
2024 / 01,Queens,11,87.9,76.9,4
2024 / 01,Queens,12,132.3,80.7,4
2024 / 01,Queens,13,93.3,46.5,4
2024 / 01,Queens,14,71.3,0,4
2024 / 01,Staten Island,1,0,0,5
2024 / 01,Staten Island,2,0,28.6,5
2024 / 01,Staten Island,3,0,33.4,5