MONTH,BOROUGH,COMMUNITYDISTRICT,RESORGANICSTONS,SCHOOLORGANICTONS,BOROUGH_ID
2026 / 03,Queens,1,195.7,120,4
2026 / 03,Queens,,184.7,210.7,4
2026 / 03,Queens,3,157.7,,4
2026 / 03,Queens,4,136.2,,4
2026 / 03,Queens,5,220.2,135.5,4
2026 / 03,Queens,6,162.4,,4
2026 / 03,Queens,7,192.8,110.5,4
2026 / 03,Queens,8,164.2,,4
2026 / 03,Queens,9,162.3,139.7,4
2026 / 03,Queens,10,144.5,94.7,4
2026 / 03,Queens,1,195.7,120,4
2026 / 03,Queens,,184.7,210.7,4
2026 / 03,Queens,3,157.7,,4
2026 / 03,Queens,4,136.2,,4
2026 / 03,Queens,5,220.2,135.5,4
2026 / 03,Queens,6,162.4,,4
2026 / 03,Queens,7,192.8,110.5,4
2026 / 03,Queens,8,164.2,,4
2026 / 03,Queens,9,162.3,139.7,4
2026 / 03,Queens,10,144.5,94.7,4
2026 / 03,Queens,11,280.2,102.7,4
2026 / 03,Queens,12,319.6,89.2,4
2026 / 03,Queens,13,174.4,73,4
2026 / 03,Queens,14,85,,4
2026 / 02,Queens,1,138.6,84.2,4
2026 / 02,Queens,,,138.2,4
2026 / 02,Queens,3,109.9,,4
2026 / 02,Queens,4,100.6,,4
2026 / 02,Queens,5,172.6,,4
2026 / 02,Queens,6,100.4,,4
2026 / 02,Queens,7,157.6,66.5,4
2026 / 02,Queens,8,109.2,,4
2026 / 02,Queens,9,159.3,,4
2026 / 02,Queens,10,85.6,62.4,4
2026 / 02,Queens,11,160.4,54.8,4
2026 / 02,Queens,12,188.1,58.3,4
2026 / 02,Queens,13,143.2,46.1,4
2026 / 02,Queens,14,57,,4
2026 / 01,Queens,1,201.4,115.5,4
2026 / 01,Queens,,190.2,170.8,4
2026 / 01,Queens,3,170.7,,4
2026 / 01,Queens,4,138.3,,4
2026 / 01,Queens,5,242.5,112.3,4
2026 / 01,Queens,6,148.9,,4
2026 / 01,Queens,7,176,89.8,4
2026 / 01,Queens,8,155.1,,4
2026 / 01,Queens,9,200.4,110.6,4
2026 / 01,Queens,10,119.2,86.4,4
2026 / 01,Queens,11,222.7,81.7,4
2026 / 01,Queens,12,256.9,74.7,4
2026 / 01,Queens,13,168.9,55.2,4
2026 / 01,Queens,14,90.7,,4
2025 / 12,Queens,1,266.8,120.5,4
2025 / 12,Queens,,212.5,172.9,4
2025 / 12,Queens,3,195.9,,4
2025 / 12,Queens,4,159.6,,4
2025 / 12,Queens,5,317.4,111.3,4
2025 / 12,Queens,6,205.4,4.7,4
2025 / 12,Queens,7,265.4,,4
2025 / 12,Queens,8,249,,4
2025 / 12,Queens,9,268.6,111.1,4
2025 / 12,Queens,10,168,78.4,4
2025 / 12,Queens,11,379.8,86.3,4
2025 / 12,Queens,12,413.5,75.5,4
2025 / 12,Queens,13,244.5,64.7,4
2025 / 12,Queens,14,98.7,,4
2025 / 11,Queens,1,296.8,122.1,4
2025 / 11,Queens,2,221.9,167.8,4
2025 / 11,Queens,3,231.5,,4
2025 / 11,Queens,4,168.8,,4
2025 / 11,Queens,5,443.8,105.3,4
2025 / 11,Queens,6,305.5,,4
2025 / 11,Queens,7,431.3,97.3,4
2025 / 11,Queens,8,320.6,,4
2025 / 11,Queens,9,386.2,114.8,4
2025 / 11,Queens,10,225.3,70.7,4
2025 / 11,Queens,11,612.4,82.9,4
2025 / 11,Queens,12,615.2,72.4,4
2025 / 11,Queens,13,345.4,68.3,4
2025 / 11,Queens,14,111.6,,4
2025 / 10,Queens,1,247.9,145.3,4
2025 / 10,Queens,2,211.7,205.4,4
2025 / 10,Queens,3,220,,4
2025 / 10,Queens,4,176.4,,4
2025 / 10,Queens,5,364.9,131.2,4
2025 / 10,Queens,6,210,,4
2025 / 10,Queens,7,307.5,114.1,4
2025 / 10,Queens,8,218.8,,4
2025 / 10,Queens,9,304.9,138.5,4
2025 / 10,Queens,10,184.2,97.8,4
2025 / 10,Queens,11,377.9,101.1,4
2025 / 10,Queens,12,461.1,,4
2025 / 10,Queens,13,244.4,79.6,4
2025 / 10,Queens,14,110.3,,4
2025 / 09,Queens,1,221.3,121.6,4
2025 / 09,Queens,2,189.4,168.3,4
2025 / 09,Queens,3,173,,4
2025 / 09,Queens,4,164.6,,4
2025 / 09,Queens,5,346.4,112.9,4
2025 / 09,Queens,6,197.8,,4
2025 / 09,Queens,7,288.1,95.7,4
2025 / 09,Queens,8,202.9,,4
2025 / 09,Queens,9,263.3,104.8,4
2025 / 09,Queens,10,161.8,79.5,4
2025 / 09,Queens,11,357.3,83.2,4
2025 / 09,Queens,12,434,75.7,4
2025 / 09,Queens,13,235.2,69.6,4
2025 / 09,Queens,14,102.4,,4
2025 / 08,Queens,1,235.6,23.3,4
2025 / 08,Queens,2,187.3,,4
2025 / 08,Queens,3,191.3,,4
2025 / 08,Queens,4,174.4,,4
2025 / 08,Queens,5,350.9,54.6,4
2025 / 08,Queens,6,202.1,,4
2025 / 08,Queens,7,304.6,23.6,4
2025 / 08,Queens,8,201.2,,4
2025 / 08,Queens,9,266.4,,4
2025 / 08,Queens,10,197.8,21.3,4
2025 / 08,Queens,11,360.8,,4
2025 / 08,Queens,12,421.4,20.1,4
2025 / 08,Queens,13,256.6,,4
2025 / 08,Queens,14,118.2,,4
2025 / 07,Queens,1,279,54.2,
2025 / 07,Queens,2,204.4,,
2025 / 07,Queens,3,206.1,,
2025 / 07,Queens,4,183.8,,
2025 / 07,Queens,5,416.1,97.5,
2025 / 07,Queens,6,206.4,,
2025 / 07,Queens,7,356.1,50.3,
2025 / 07,Queens,8,225.3,,
2025 / 07,Queens,9,293.3,,
2025 / 07,Queens,10,230.4,42.4,
2025 / 07,Queens,11,422.7,,
2025 / 07,Queens,12,505.2,28.9,
2025 / 07,Queens,13,337.7,11.4,
2025 / 07,Queens,14,139.1,,
2025 / 06,Queens,1,286.8,113.6,
2025 / 06,Queens,2,198.6,179.4,
2025 / 06,Queens,3,179.7,,
2025 / 06,Queens,4,177.8,,
2025 / 06,Queens,5,419.1,128.6,
2025 / 06,Queens,6,201.9,,
2025 / 06,Queens,7,376.4,86.9,
2025 / 06,Queens,8,250.3,,
2025 / 06,Queens,9,316,114.5,
2025 / 06,Queens,10,257.4,68.9,
2025 / 06,Queens,11,413.4,61.8,
2025 / 06,Queens,12,496.7,65.4,4
2025 / 06,Queens,13,375.5,57.3,4
2025 / 06,Queens,14,,,4
2025 / 05,Queens,1,287.1,167.7,4
2025 / 05,Queens,2,209.9,223.8,4
2025 / 05,Queens,3,202.3,,4
2025 / 05,Queens,4,191,,4
2025 / 05,Queens,5,454.7,137.3,4
2025 / 05,Queens,6,226.3,,4
2025 / 05,Queens,7,493.8,110.4,4
2025 / 05,Queens,8,329.8,,4
2025 / 05,Queens,9,343.6,149.4,4
2025 / 05,Queens,10,324.5,89,4
2025 / 05,Queens,11,473,94.7,4
2025 / 05,Queens,12,547.6,89.5,4
2025 / 05,Queens,13,452.6,78.9,4
2025 / 05,Queens,14,154.2,,4
2025 / 04,Queens,1,206.1,148.7,4
2025 / 04,Queens,2,153.1,184.2,4
2025 / 04,Queens,3,,,4
2025 / 04,Queens,4,141.1,,4
2025 / 04,Queens,5,353.5,109.6,4
2025 / 04,Queens,6,146,,4
2025 / 04,Queens,7,377.8,111.9,4
2025 / 04,Queens,8,244.9,,4
2025 / 04,Queens,9,256.7,116.4,4
2025 / 04,Queens,10,235.2,74.4,4
2025 / 04,Queens,11,326.7,77.3,4
2025 / 04,Queens,12,338.4,75,4
2025 / 04,Queens,13,362.6,57.3,4
2025 / 04,Queens,14,104.3,,4
2025 / 03,Queens,1,83.2,200.8,4
2025 / 03,Queens,2,45,204.3,4
2025 / 03,Queens,3,43.1,,4
2025 / 03,Queens,4,24.2,,4
2025 / 03,Queens,5,78.1,120.8,4
2025 / 03,Queens,6,62.9,,4
2025 / 03,Queens,7,73.9,155.6,4
2025 / 03,Queens,8,83.1,,4
2025 / 03,Queens,9,80.6,106.4,4
2025 / 03,Queens,10,24.7,80.8,4
2025 / 03,Queens,11,76.9,87.3,4
2025 / 03,Queens,12,160.2,86.6,4
2025 / 03,Queens,13,66.2,66.9,4
2025 / 03,Queens,14,42.8,,4
2025 / 02,Queens,1,49.5,173.2,4
2025 / 02,Queens,2,32.3,162.7,4
2025 / 02,Queens,3,34,,4
2025 / 02,Queens,4,18.5,,4
2025 / 02,Queens,5,44.9,84.8,4
2025 / 02,Queens,6,37.8,,4
2025 / 02,Queens,7,37.7,116.2,4
2025 / 02,Queens,8,49.5,,4
2025 / 02,Queens,9,58.2,71.3,4
2025 / 02,Queens,10,26.6,65.2,4
2025 / 02,Queens,11,39.9,68.3,4
2025 / 02,Queens,12,75,66.6,4
2025 / 02,Queens,13,53,51.3,4
2025 / 02,Queens,14,30.2,,4
2025 / 01,Queens,1,90.2,214,4
2025 / 01,Queens,2,51.4,208.5,4
2025 / 01,Queens,3,50.3,,4
2025 / 01,Queens,4,26.7,,4
2025 / 01,Queens,5,76.3,112.9,4
2025 / 01,Queens,6,57.1,,4
2025 / 01,Queens,7,54.3,148.4,4
2025 / 01,Queens,8,70.7,,4
2025 / 01,Queens,9,68.6,107,4
2025 / 01,Queens,10,31,80.6,4
2025 / 01,Queens,11,63.5,92,4
2025 / 01,Queens,12,119.2,82.4,4
2025 / 01,Queens,13,60.4,60.2,4
2025 / 01,Queens,14,44.2,,4
2024 / 12,Queens,1,97.5,183.2,4
2024 / 12,Queens,2,51,165.3,4
2024 / 12,Queens,3,55.1,,4
2024 / 12,Queens,4,31.7,,4
2024 / 12,Queens,5,100.2,84.1,4
2024 / 12,Queens,6,97.7,,4
2024 / 12,Queens,7,105.2,114.7,4
2024 / 12,Queens,8,130.9,,4
2024 / 12,Queens,9,115.5,93.7,4
2024 / 12,Queens,10,42.3,66.2,4
2024 / 12,Queens,11,123.4,75,4
2024 / 12,Queens,12,264.9,79,4
2024 / 12,Queens,13,90.2,50,4
2024 / 12,Queens,14,45.1,,4
2024 / 11,Queens,1,129.9,185.6,4
2024 / 11,Queens,2,62.5,179.2,4
2024 / 11,Queens,3,70.6,,4
2024 / 11,Queens,4,41.1,,4
2024 / 11,Queens,5,154,104.9,4
2024 / 11,Queens,6,151.4,,4
2024 / 11,Queens,7,193.7,114.8,4
2024 / 11,Queens,8,177.1,,4
2024 / 11,Queens,9,179.2,100.3,4
2024 / 11,Queens,10,68.6,66.4,4
2024 / 11,Queens,11,233.8,85,4
2024 / 11,Queens,12,454.8,84.4,4
2024 / 11,Queens,13,158,59.3,4
2024 / 11,Queens,14,71.7,,4
2024 / 10,Queens,1,91.4,231.7,4
2024 / 10,Queens,2,43.3,224.6,4
2024 / 10,Queens,3,45.1,,4
2024 / 10,Queens,4,34.2,,4
2024 / 10,Queens,5,103.8,126.4,4
2024 / 10,Queens,6,89.9,,4
2024 / 10,Queens,7,109.6,152.4,4
2024 / 10,Queens,8,93.5,,4
2024 / 10,Queens,9,119.1,130.2,4
2024 / 10,Queens,10,42.7,95.7,4
2024 / 10,Queens,11,115.1,105.7,4
2024 / 10,Queens,12,288.1,117.7,4
2024 / 10,Queens,13,90.3,75,4
2024 / 10,Queens,14,61.3,,4
2024 / 09,Queens,1,56.9,191.3,4
2024 / 09,Queens,2,29.1,196.7,4
2024 / 09,Queens,3,33.7,,4
2024 / 09,Queens,4,25.3,,4
2024 / 09,Queens,5,62,113.8,4
2024 / 09,Queens,6,55.4,,4
2024 / 09,Queens,7,74.1,141.5,4
2024 / 09,Queens,8,53.8,,4
2024 / 09,Queens,9,71.7,112.2,4
2024 / 09,Queens,10,29.2,73,4
2024 / 09,Queens,11,61.7,79.7,4
2024 / 09,Queens,12,207,95,4
2024 / 09,Queens,13,56.4,54.6,4
2024 / 09,Queens,14,54.7,,4
2024 / 08,Queens,1,87.2,38.7,4
2024 / 08,Queens,2,35.7,,4
2024 / 08,Queens,3,41.9,,4
2024 / 08,Queens,4,30.8,,4
2024 / 08,Queens,5,69,56,4
2024 / 08,Queens,6,63.5,,4
2024 / 08,Queens,7,65.6,47.9,4
2024 / 08,Queens,8,75,,4
2024 / 08,Queens,9,89.9,,4
2024 / 08,Queens,10,31.6,21.2,4
2024 / 08,Queens,11,73,,4
2024 / 08,Queens,12,291.4,,4
2024 / 08,Queens,13,71,16.5,4
2024 / 08,Queens,14,70.8,,4
2024 / 07,Queens,1,94.3,77.5,4
2024 / 07,Queens,2,32.7,,4
2024 / 07,Queens,3,35,,4
2024 / 07,Queens,4,28.1,,4
2024 / 07,Queens,5,78.6,109.5,4
2024 / 07,Queens,6,52.7,,4
2024 / 07,Queens,7,70.6,89.9,4
2024 / 07,Queens,8,73.1,,4
2024 / 07,Queens,9,86,,4
2024 / 07,Queens,10,35.6,40,4
2024 / 07,Queens,11,71.2,,4
2024 / 07,Queens,12,249.5,,4
2024 / 07,Queens,13,93.4,36.7,4
2024 / 07,Queens,14,60.7,,4
2024 / 06,Queens,1,84.4,178.1,4
2024 / 06,Queens,2,37.5,160.6,4
2024 / 06,Queens,3,37.5,,4
2024 / 06,Queens,4,28.9,,4
2024 / 06,Queens,5,73,107.9,4
2024 / 06,Queens,6,63,,4
2024 / 06,Queens,7,77.6,139.9,4
2024 / 06,Queens,8,65.8,5.3,4
2024 / 06,Queens,9,98.7,90.7,4
2024 / 06,Queens,10,31.7,55.7,4
2024 / 06,Queens,11,79.5,58.1,4
2024 / 06,Queens,12,289.3,84.5,4
2024 / 06,Queens,13,85.5,42.2,4
2024 / 06,Queens,14,68,,4
2024 / 05,Queens,1,85.7,265.7,4
2024 / 05,Queens,2,39.8,239.2,4
2024 / 05,Queens,3,41.4,,4
2024 / 05,Queens,4,29.1,,4
2024 / 05,Queens,5,89.4,137.2,4
2024 / 05,Queens,6,70.3,,4
2024 / 05,Queens,7,101.7,199.9,4
2024 / 05,Queens,8,96.5,5.4,4
2024 / 05,Queens,9,96.8,137.7,4
2024 / 05,Queens,10,43.1,92.6,4
2024 / 05,Queens,11,100.1,91,4
2024 / 05,Queens,12,341.8,121.2,4
2024 / 05,Queens,13,91.9,65.3,4
2024 / 05,Queens,14,75.9,,4
2024 / 04,Queens,1,69.7,135.4,4
2024 / 04,Queens,2,35.5,143.8,4
2024 / 04,Queens,3,32.3,,4
2024 / 04,Queens,4,23.3,,4
2024 / 04,Queens,5,74.7,85.4,4
2024 / 04,Queens,6,45.7,,4
2024 / 04,Queens,7,73.4,114.8,4
2024 / 04,Queens,8,68,4.2,4
2024 / 04,Queens,9,81.7,88.2,4
2024 / 04,Queens,10,27.6,53.7,4
2024 / 04,Queens,11,72.2,53.5,4
2024 / 04,Queens,12,176,71.1,4
2024 / 04,Queens,13,73.6,35.3,4
2024 / 04,Queens,14,47.8,,4
2024 / 03,Queens,1,74.2,20.6,4
2024 / 03,Queens,2,32.5,241.3,4
2024 / 03,Queens,3,33.8,,4
2024 / 03,Queens,4,24.1,,4
2024 / 03,Queens,5,58.5,130,4
2024 / 03,Queens,6,45.2,,4
2024 / 03,Queens,7,70.4,173.6,4
2024 / 03,Queens,8,54.5,1.8,4
2024 / 03,Queens,9,78.2,131.8,4
2024 / 03,Queens,10,22.1,72,4
2024 / 03,Queens,11,68.2,71,4
2024 / 03,Queens,12,115.7,103.8,4
2024 / 03,Queens,13,53.1,50.5,4
2024 / 03,Queens,14,47.8,,4
2024 / 02,Queens,1,55.9,,4
2024 / 02,Queens,2,26.2,167.9,4
2024 / 02,Queens,3,26.8,,4
2024 / 02,Queens,4,17.1,,4
2024 / 02,Queens,5,40.3,94.3,4
2024 / 02,Queens,6,29.1,,4
2024 / 02,Queens,7,62.3,119.3,4
2024 / 02,Queens,8,58.2,1.4,4
2024 / 02,Queens,9,71.1,93,4
2024 / 02,Queens,10,37.1,56.2,4
2024 / 02,Queens,11,56,52.6,4
2024 / 02,Queens,12,93.2,76.2,4
2024 / 02,Queens,13,73.4,43,4
2024 / 02,Queens,14,35.1,,4
2024 / 01,Queens,1,93.9,,4
2024 / 01,Queens,2,49.7,226.1,4
2024 / 01,Queens,3,34.3,,4
2024 / 01,Queens,4,23.7,,4
2024 / 01,Queens,5,60.4,133.8,4
2024 / 01,Queens,6,50,,4
2024 / 01,Queens,7,86.7,122.5,4
2024 / 01,Queens,8,78.7,,4
2024 / 01,Queens,9,105.2,127.5,4
2024 / 01,Queens,10,75.6,57.2,4
2024 / 01,Queens,11,87.9,76.9,4
2024 / 01,Queens,12,132.3,80.7,4
2024 / 01,Queens,13,93.3,46.5,4
2024 / 01,Queens,14,71.3,,4
2023 / 12,Queens,1,97.6,,4
2023 / 12,Queens,2,42.3,178.6,4
2023 / 12,Queens,3,38.9,,4
2023 / 12,Queens,4,27.1,,4
2023 / 12,Queens,5,87.5,112.5,4
2023 / 12,Queens,6,93.1,,4
2023 / 12,Queens,7,125.1,,4
2023 / 12,Queens,8,97.2,,4
2023 / 12,Queens,9,121.9,107.2,4
2023 / 12,Queens,10,62.8,,4
2023 / 12,Queens,11,160.1,73,4
2023 / 12,Queens,12,321.1,,4
2023 / 12,Queens,13,120.7,,4
2023 / 12,Queens,14,51.4,,4
2023 / 11,Queens,1,112.9,,4
2023 / 11,Queens,2,50.3,206.3,4
2023 / 11,Queens,3,46.2,,4
2023 / 11,Queens,4,33.8,,4
2023 / 11,Queens,5,151.8,119.5,4
2023 / 11,Queens,6,139.9,,4
2023 / 11,Queens,7,190.7,,4
2023 / 11,Queens,8,110.2,,4
2023 / 11,Queens,9,197.5,124.4,4
2023 / 11,Queens,10,98.3,,4
2023 / 11,Queens,11,222.6,79.9,4
2023 / 11,Queens,12,412.2,,4
2023 / 11,Queens,13,170.6,,4
2023 / 11,Queens,14,67,,4
2023 / 10,Queens,1,88.7,,4
2023 / 10,Queens,2,38.1,231,4
2023 / 10,Queens,3,34.4,,4
2023 / 10,Queens,4,25,,4
2023 / 10,Queens,5,101.1,133.4,4
2023 / 10,Queens,6,66.3,,4
2023 / 10,Queens,7,124.8,,4
2023 / 10,Queens,8,76.4,,4
2023 / 10,Queens,9,147.5,146.3,4
2023 / 10,Queens,10,61.7,,4
2023 / 10,Queens,11,134.3,100.4,4
2023 / 10,Queens,12,246.2,,4
2023 / 10,Queens,13,121,,4
2023 / 10,Queens,14,61.3,,4
2023 / 09,Queens,1,83.5,,4
2023 / 09,Queens,2,27.9,178.1,4
2023 / 09,Queens,3,33,,4
2023 / 09,Queens,4,23.8,,4
2023 / 09,Queens,5,81.8,95.3,4
2023 / 09,Queens,6,47.6,,4
2023 / 09,Queens,7,101.9,,4
2023 / 09,Queens,8,57,,4
2023 / 09,Queens,9,113.4,92.6,4
2023 / 09,Queens,10,45.7,,4
2023 / 09,Queens,11,93,70.5,4
2023 / 09,Queens,12,241.7,,4
2023 / 09,Queens,13,120.7,,4
2023 / 09,Queens,14,71.7,,4
2023 / 08,Queens,1,93.4,,4
2023 / 08,Queens,2,34.5,,4
2023 / 08,Queens,3,35.6,,4
2023 / 08,Queens,4,25.4,,4
2023 / 08,Queens,5,101.1,,4
2023 / 08,Queens,6,53.7,,4
2023 / 08,Queens,7,122.2,,4
2023 / 08,Queens,8,60.9,,4
2023 / 08,Queens,9,135.2,,4
2023 / 08,Queens,10,65.1,,4
2023 / 08,Queens,11,106.6,,4
2023 / 08,Queens,12,244.6,,4
2023 / 08,Queens,13,153,,4
2023 / 08,Queens,14,69.8,,4
2023 / 07,Queens,1,90.3,,4
2023 / 07,Queens,2,34.8,,4
2023 / 07,Queens,3,33.3,,4
2023 / 07,Queens,4,24.2,,4
2023 / 07,Queens,5,92.8,,4
2023 / 07,Queens,6,49.7,,4
2023 / 07,Queens,7,101.5,,4
2023 / 07,Queens,8,60.5,,4
2023 / 07,Queens,9,142.5,,4
2023 / 07,Queens,10,63,,4
2023 / 07,Queens,11,102.6,,4
2023 / 07,Queens,12,250.8,,4
2023 / 07,Queens,13,158.9,,4
2023 / 07,Queens,14,74.7,,4
2023 / 06,Queens,1,84.5,,4
2023 / 06,Queens,2,37.8,203.7,4
2023 / 06,Queens,3,37.7,,4
2023 / 06,Queens,4,27.8,,4
2023 / 06,Queens,5,88.6,123.3,4
2023 / 06,Queens,6,56.5,,4
2023 / 06,Queens,7,111.9,,4
2023 / 06,Queens,8,68.2,,4
2023 / 06,Queens,9,133.5,98.4,4
2023 / 06,Queens,10,66.3,,4
2023 / 06,Queens,11,109.8,61.7,4
2023 / 06,Queens,12,271.6,,4
2023 / 06,Queens,13,167.8,,4
2023 / 06,Queens,14,77.3,,4
2023 / 05,Queens,1,93.7,,4
2023 / 05,Queens,2,36.3,243.7,4
2023 / 05,Queens,3,34.9,,4
2023 / 05,Queens,4,23.3,,4
2023 / 05,Queens,5,105.2,153.1,4
2023 / 05,Queens,6,54,,4
2023 / 05,Queens,7,139.3,,4
2023 / 05,Queens,8,75.4,,4
2023 / 05,Queens,9,143,144.5,4
2023 / 05,Queens,10,71.1,,4
2023 / 05,Queens,11,138.2,86.7,4
2023 / 05,Queens,12,285.4,,4
2023 / 05,Queens,13,185.1,,4
2023 / 05,Queens,14,75.3,,4
2023 / 04,Queens,1,76.5,,4
2023 / 04,Queens,2,33.4,143.2,4
2023 / 04,Queens,3,29.1,,4
2023 / 04,Queens,4,20.3,,4
2023 / 04,Queens,5,95.5,98.2,4
2023 / 04,Queens,6,50,,4
2023 / 04,Queens,7,117.2,,4
2023 / 04,Queens,8,78.5,,4
2023 / 04,Queens,9,106,88,4
2023 / 04,Queens,10,54.9,,4
2023 / 04,Queens,11,136.3,47.3,4
2023 / 04,Queens,12,207.9,,4
2023 / 04,Queens,13,151.4,,4
2023 / 04,Queens,14,65.5,,4
2023 / 03,Queens,1,14.3,,4
2023 / 03,Queens,2,4.2,236.5,4
2023 / 03,Queens,3,4.9,,4
2023 / 03,Queens,4,5,,4
2023 / 03,Queens,5,15.7,168,4
2023 / 03,Queens,6,7.6,,4
2023 / 03,Queens,7,23.4,,4
2023 / 03,Queens,8,14.4,,4
2023 / 03,Queens,9,16.3,140.2,4
2023 / 03,Queens,10,6.7,,4
2023 / 03,Queens,11,25.3,84.9,4
2023 / 03,Queens,12,19.7,,4
2023 / 03,Queens,13,21.1,,4
2023 / 03,Queens,14,7.8,,4
2023 / 02,Queens,1,,,4
2023 / 02,Queens,2,,155,4
2023 / 02,Queens,3,,,4
2023 / 02,Queens,4,,,4
2023 / 02,Queens,5,,116.4,4
2023 / 02,Queens,6,,,4
2023 / 02,Queens,7,,,4
2023 / 02,Queens,8,,,4
2023 / 02,Queens,9,,93.8,4
2023 / 02,Queens,10,,,4
2023 / 02,Queens,11,,55.8,4
2023 / 02,Queens,12,,,4
2023 / 02,Queens,13,,,4
2023 / 02,Queens,14,,,4
2023 / 01,Queens,1,,,4
2023 / 01,Queens,2,,201.6,4
2023 / 01,Queens,3,,,4
2023 / 01,Queens,4,,,4
2023 / 01,Queens,5,,139.8,4
2023 / 01,Queens,6,,,4
2023 / 01,Queens,7,,,4
2023 / 01,Queens,8,,,4
2023 / 01,Queens,9,,128.8,4
2023 / 01,Queens,10,,,4
2023 / 01,Queens,11,,72,4
2023 / 01,Queens,12,,,4
2023 / 01,Queens,13,,,4
2023 / 01,Queens,14,,,4
2022 / 12,Queens,1,104.3,,4
2022 / 12,Queens,2,38.9,184.3,4
2022 / 12,Queens,3,37.9,,4
2022 / 12,Queens,4,25.9,,4
2022 / 12,Queens,5,106.4,133,4
2022 / 12,Queens,6,103.3,,4
2022 / 12,Queens,7,146.9,,4
2022 / 12,Queens,8,143,,4
2022 / 12,Queens,9,137.7,122,4
2022 / 12,Queens,10,127.1,,4
2022 / 12,Queens,11,175.5,67.3,4
2022 / 12,Queens,12,354.9,,4
2022 / 12,Queens,13,204.6,,4
2022 / 12,Queens,14,79.7,,4
2022 / 11,Queens,1,140.8,,4
2022 / 11,Queens,2,55.5,191.7,4
2022 / 11,Queens,3,68.8,,4
2022 / 11,Queens,4,51.8,,4
2022 / 11,Queens,5,216.7,135.5,4
2022 / 11,Queens,6,165.8,,4
2022 / 11,Queens,7,381.2,,4
2022 / 11,Queens,8,216.1,,4
2022 / 11,Queens,9,276.7,126.5,4
2022 / 11,Queens,10,219.4,,4
2022 / 11,Queens,11,418.1,75.4,4
2022 / 11,Queens,12,544.3,,4
2022 / 11,Queens,13,329.9,,4
2022 / 11,Queens,14,127.1,,4
2022 / 10,Queens,1,56.7,,4
2022 / 10,Queens,2,29.6,226.5,4
2022 / 10,Queens,3,33,,4
2022 / 10,Queens,4,26.7,,4
2022 / 10,Queens,5,104.4,140,4
2022 / 10,Queens,6,64.3,,4
2022 / 10,Queens,7,181,,4
2022 / 10,Queens,8,90.2,,4
2022 / 10,Queens,9,118.3,128.1,4
2022 / 10,Queens,10,98.8,,4
2022 / 10,Queens,11,131.1,68,4
2022 / 10,Queens,12,219.9,,4
2022 / 10,Queens,13,173.2,,4
2022 / 10,Queens,14,70.6,,4
2022 / 09,Queens,1,,,4
2022 / 09,Queens,2,,133.5,4
2022 / 09,Queens,3,,,4
2022 / 09,Queens,4,,,4
2022 / 09,Queens,5,,92.9,4
2022 / 09,Queens,6,,,4
2022 / 09,Queens,7,,,4
2022 / 09,Queens,8,,,4
2022 / 09,Queens,9,,62.9,4
2022 / 09,Queens,10,,,4
2022 / 09,Queens,11,,57.2,4
2022 / 09,Queens,12,,,4
2022 / 09,Queens,13,,,4
2022 / 09,Queens,14,,,4
2022 / 08,Queens,1,,,4
2022 / 08,Queens,2,,,4
2022 / 08,Queens,3,,,4
2022 / 08,Queens,4,,,4
2022 / 08,Queens,5,,,4
2022 / 08,Queens,6,,,4
2022 / 08,Queens,7,,,4
2022 / 08,Queens,8,,,4
2022 / 08,Queens,9,,,4
2022 / 08,Queens,10,,,4
2022 / 08,Queens,11,,,4
2022 / 08,Queens,12,,,4
2022 / 08,Queens,13,,,4
2022 / 08,Queens,14,,,4
2022 / 07,Queens,1,,,4
2022 / 07,Queens,2,,,4
2022 / 07,Queens,3,,,4
2022 / 07,Queens,4,,,4
2022 / 07,Queens,5,,,4
2022 / 07,Queens,6,,,4
2022 / 07,Queens,7,,,4
2022 / 07,Queens,8,,,4
2022 / 07,Queens,9,,,4
2022 / 07,Queens,10,,,4
2022 / 07,Queens,11,,,4
2022 / 07,Queens,12,,,4
2022 / 07,Queens,13,,,4
2022 / 07,Queens,14,,,4
2022 / 06,Queens,1,,,4
2022 / 06,Queens,2,,229.6,4
2022 / 06,Queens,3,,,4
2022 / 06,Queens,4,,,4
2022 / 06,Queens,5,,134.9,4
2022 / 06,Queens,6,,,4
2022 / 06,Queens,7,,,4
2022 / 06,Queens,8,,,4
2022 / 06,Queens,9,,121.5,4
2022 / 06,Queens,10,,,4
2022 / 06,Queens,11,,74.7,4
2022 / 06,Queens,12,,,4
2022 / 06,Queens,13,,,4
2022 / 06,Queens,14,,,4
2022 / 05,Queens,1,,,4
2022 / 05,Queens,2,,213.3,4
2022 / 05,Queens,3,,,4
2022 / 05,Queens,4,,,4
2022 / 05,Queens,5,,136.1,4
2022 / 05,Queens,6,,,4
2022 / 05,Queens,7,,,4
2022 / 05,Queens,8,,,4
2022 / 05,Queens,9,,138.9,4
2022 / 05,Queens,10,,,4
2022 / 05,Queens,11,,79.2,4
2022 / 05,Queens,12,,,4
2022 / 05,Queens,13,,,4
2022 / 05,Queens,14,,,4
2022 / 04,Queens,1,,,4
2022 / 04,Queens,2,,144.7,4
2022 / 04,Queens,3,,,4
2022 / 04,Queens,4,,,4
2022 / 04,Queens,5,,107.4,4
2022 / 04,Queens,6,,,4
2022 / 04,Queens,7,,,4
2022 / 04,Queens,8,,,4
2022 / 04,Queens,9,,108.5,4
2022 / 04,Queens,10,,,4
2022 / 04,Queens,11,,54.8,4
2022 / 04,Queens,12,,,4
2022 / 04,Queens,13,,,4
2022 / 04,Queens,14,,,4
2022 / 03,Queens,1,,,4
2022 / 03,Queens,2,,197.8,4
2022 / 03,Queens,3,,,4
2022 / 03,Queens,4,,,4
2022 / 03,Queens,5,,153.6,4
2022 / 03,Queens,6,,,4
2022 / 03,Queens,7,,,4
2022 / 03,Queens,8,,,4
2022 / 03,Queens,9,,158.7,4
2022 / 03,Queens,10,,,4
2022 / 03,Queens,11,,96.1,4
2022 / 03,Queens,12,,,4
2022 / 03,Queens,13,,,4
2022 / 03,Queens,14,,,4
2022 / 02,Queens,1,,,4
2022 / 02,Queens,2,,63.7,4
2022 / 02,Queens,3,,,4
2022 / 02,Queens,4,,,4
2022 / 02,Queens,5,,47.6,4
2022 / 02,Queens,6,,,4
2022 / 02,Queens,7,,,4
2022 / 02,Queens,8,,,4
2022 / 02,Queens,9,,64.3,4
2022 / 02,Queens,10,,,4
2022 / 02,Queens,11,,58.4,4
2022 / 02,Queens,12,,,4
2022 / 02,Queens,13,,,4
2022 / 02,Queens,14,,,4
2022 / 01,Queens,1,,,4
2022 / 01,Queens,2,,79.1,4
2022 / 01,Queens,3,,,4
2022 / 01,Queens,4,,,4
2022 / 01,Queens,5,,47.2,4
2022 / 01,Queens,6,,,4
2022 / 01,Queens,7,,,4
2022 / 01,Queens,8,,,4
2022 / 01,Queens,9,,59.4,4
2022 / 01,Queens,10,,,4
2022 / 01,Queens,11,,63.7,4
2022 / 01,Queens,12,,,4
2022 / 01,Queens,13,,,4
2022 / 01,Queens,14,,,4
2021 / 12,Queens,1,,,4
2021 / 12,Queens,2,,46.8,4
2021 / 12,Queens,3,,,4
2021 / 12,Queens,4,,,4
2021 / 12,Queens,5,,31.7,4
2021 / 12,Queens,6,,,4
2021 / 12,Queens,7,,,4
2021 / 12,Queens,8,,,4
2021 / 12,Queens,9,,47.8,4
2021 / 12,Queens,10,,,4
2021 / 12,Queens,11,,42.8,4
2021 / 12,Queens,12,,,4
2021 / 12,Queens,13,,,4
2021 / 12,Queens,14,,,4
2021 / 11,Queens,1,,,4
2021 / 11,Queens,2,,,4
2021 / 11,Queens,3,,,4
2021 / 11,Queens,4,,,4
2021 / 11,Queens,5,,,4
2021 / 11,Queens,6,,,4
2021 / 11,Queens,7,,,4
2021 / 11,Queens,8,,,4
2021 / 11,Queens,9,,,4
2021 / 11,Queens,10,,,4
2021 / 11,Queens,11,,,4
2021 / 11,Queens,12,,,4
2021 / 11,Queens,13,,,4
2021 / 11,Queens,14,,,4
2021 / 10,Queens,1,,,4
2021 / 10,Queens,2,,63.6,4
2021 / 10,Queens,3,,,4
2021 / 10,Queens,4,,,4
2021 / 10,Queens,5,,45.9,4
2021 / 10,Queens,6,,,4
2021 / 10,Queens,7,,,4
2021 / 10,Queens,8,,,4
2021 / 10,Queens,9,,46.7,4
2021 / 10,Queens,10,,,4
2021 / 10,Queens,11,,64.8,4
2021 / 10,Queens,12,,,4
2021 / 10,Queens,13,,,4
2021 / 10,Queens,14,,,4
2021 / 09,Queens,1,,,4
2021 / 09,Queens,2,,36.7,4
2021 / 09,Queens,3,,,4
2021 / 09,Queens,4,,,4
2021 / 09,Queens,5,,27.1,4
2021 / 09,Queens,6,,,4
2021 / 09,Queens,7,,,4
2021 / 09,Queens,8,,,4
2021 / 09,Queens,9,,20,4
2021 / 09,Queens,10,,,4
2021 / 09,Queens,11,,27.8,4
2021 / 09,Queens,12,,,4
2021 / 09,Queens,13,,,4
2021 / 09,Queens,14,,,4
2021 / 08,Queens,1,,,4
2021 / 08,Queens,2,,,4
2021 / 08,Queens,3,,,4
2021 / 08,Queens,4,,,4
2021 / 08,Queens,5,,,4
2021 / 08,Queens,6,,,4
2021 / 08,Queens,7,,,4
2021 / 08,Queens,8,,,4
2021 / 08,Queens,9,,,4
2021 / 08,Queens,10,,,4
2021 / 08,Queens,11,,,4
2021 / 08,Queens,12,,,4
2021 / 08,Queens,13,,,4
2021 / 08,Queens,14,,,4
2021 / 07,Queens,1,,,4
2021 / 07,Queens,2,,,4
2021 / 07,Queens,3,,,4
2021 / 07,Queens,4,,,4
2021 / 07,Queens,5,,,4
2021 / 07,Queens,6,,,4
2021 / 07,Queens,7,,,4
2021 / 07,Queens,8,,,4
2021 / 07,Queens,9,,,4
2021 / 07,Queens,10,,,4
2021 / 07,Queens,11,,,4
2021 / 07,Queens,12,,,4
2021 / 07,Queens,13,,,4
2021 / 07,Queens,14,,,4
2021 / 06,Queens,1,,,4
2021 / 06,Queens,2,,,4
2021 / 06,Queens,3,,,4
2021 / 06,Queens,4,,,4
2021 / 06,Queens,5,,,4
2021 / 06,Queens,6,,,4
2021 / 06,Queens,7,,,4
2021 / 06,Queens,8,,,4
2021 / 06,Queens,9,,,4
2021 / 06,Queens,10,,,4
2021 / 06,Queens,11,,,4
2021 / 06,Queens,12,,,4
2021 / 06,Queens,13,,,4
2021 / 06,Queens,14,,,4
2021 / 05,Queens,1,,,4
2021 / 05,Queens,2,,,4
2021 / 05,Queens,3,,,4
2021 / 05,Queens,4,,,4
2021 / 05,Queens,5,,,4
2021 / 05,Queens,6,,,4
2021 / 05,Queens,7,,,4
2021 / 05,Queens,8,,,4
2021 / 05,Queens,9,,,4
2021 / 05,Queens,10,,,4
2021 / 05,Queens,11,,,4
2021 / 05,Queens,12,,,4
2021 / 05,Queens,13,,,4
2021 / 05,Queens,14,,,4
2021 / 04,Queens,1,,,4
2021 / 04,Queens,2,,,4
2021 / 04,Queens,3,,,4
2021 / 04,Queens,4,,,4
2021 / 04,Queens,5,,,4
2021 / 04,Queens,6,,,4
2021 / 04,Queens,7,,,4
2021 / 04,Queens,8,,,4
2021 / 04,Queens,9,,,4
2021 / 04,Queens,10,,,4
2021 / 04,Queens,11,,,4
2021 / 04,Queens,12,,,4
2021 / 04,Queens,13,,,4
2021 / 04,Queens,14,,,4
2021 / 03,Queens,1,,,4
2021 / 03,Queens,2,,,4
2021 / 03,Queens,3,,,4
2021 / 03,Queens,4,,,4
2021 / 03,Queens,5,,,4
2021 / 03,Queens,6,,,4
2021 / 03,Queens,7,,,4
2021 / 03,Queens,8,,,4
2021 / 03,Queens,9,,,4
2021 / 03,Queens,10,,,4
2021 / 03,Queens,11,,,4
2021 / 03,Queens,12,,,4
2021 / 03,Queens,13,,,4
2021 / 03,Queens,14,,,4
2021 / 02,Queens,1,,,4
2021 / 02,Queens,2,,,4
2021 / 02,Queens,3,,,4
2021 / 02,Queens,4,,,4
2021 / 02,Queens,5,,,4
2021 / 02,Queens,6,,,4
2021 / 02,Queens,7,,,4
2021 / 02,Queens,8,,,4
2021 / 02,Queens,9,,,4
2021 / 02,Queens,10,,,4
2021 / 02,Queens,11,,,4
2021 / 02,Queens,12,,,4
2021 / 02,Queens,13,,,4
2021 / 02,Queens,14,,,4
2021 / 01,Queens,1,,,4
2021 / 01,Queens,2,,,4
2021 / 01,Queens,3,,,4
2021 / 01,Queens,4,,,4
2021 / 01,Queens,5,,,4
2021 / 01,Queens,6,,,4
2021 / 01,Queens,7,,,4
2021 / 01,Queens,8,,,4
2021 / 01,Queens,9,,,4
2021 / 01,Queens,10,,,4
2021 / 01,Queens,11,,,4
2021 / 01,Queens,12,,,4
2021 / 01,Queens,13,,,4
2021 / 01,Queens,14,,,4
2020 / 12,Queens,1,,,4
2020 / 12,Queens,2,,,4
2020 / 12,Queens,3,,,4
2020 / 12,Queens,4,,,4
2020 / 12,Queens,5,,,4
2020 / 12,Queens,6,,,4
2020 / 12,Queens,7,,,4
2020 / 12,Queens,8,,,4
2020 / 12,Queens,9,,,4
2020 / 12,Queens,10,,,4
2020 / 12,Queens,11,,,4
2020 / 12,Queens,12,,,4
2020 / 12,Queens,13,,,4
2020 / 12,Queens,14,,,4
2020 / 11,Queens,1,,,4
2020 / 11,Queens,2,,,4
2020 / 11,Queens,3,,,4
2020 / 11,Queens,4,,,4
2020 / 11,Queens,5,,,4
2020 / 11,Queens,6,,,4
2020 / 11,Queens,7,,,4
2020 / 11,Queens,8,,,4
2020 / 11,Queens,9,,,4
2020 / 11,Queens,10,,,4
2020 / 11,Queens,11,,,4
2020 / 11,Queens,12,,,4
2020 / 11,Queens,13,,,4
2020 / 11,Queens,14,,,4
2020 / 10,Queens,1,,,4
2020 / 10,Queens,2,,,4
2020 / 10,Queens,3,,,4
2020 / 10,Queens,4,,,4
2020 / 10,Queens,5,,,4
2020 / 10,Queens,6,,,4
2020 / 10,Queens,7,,,4
2020 / 10,Queens,8,,,4
2020 / 10,Queens,9,,,4
2020 / 10,Queens,10,,,4
2020 / 10,Queens,11,,,4
2020 / 10,Queens,12,,,4
2020 / 10,Queens,13,,,4
2020 / 10,Queens,14,,,4
2020 / 09,Queens,1,,,4
2020 / 09,Queens,2,,,4
2020 / 09,Queens,3,,,4
2020 / 09,Queens,4,,,4
2020 / 09,Queens,5,,,4
2020 / 09,Queens,6,,,4
2020 / 09,Queens,7,,,4
2020 / 09,Queens,8,,,4
2020 / 09,Queens,9,,,4
2020 / 09,Queens,10,,,4
2020 / 09,Queens,11,,,4
2020 / 09,Queens,12,,,4
2020 / 09,Queens,13,,,4
2020 / 09,Queens,14,,,4
2020 / 08,Queens,1,,,4
2020 / 08,Queens,2,,,4
2020 / 08,Queens,3,,,4
2020 / 08,Queens,4,,,4
2020 / 08,Queens,5,,,4
2020 / 08,Queens,6,,,4
2020 / 08,Queens,7,,,4
2020 / 08,Queens,8,,,4
2020 / 08,Queens,9,,,4
2020 / 08,Queens,10,,,4
2020 / 08,Queens,11,,,4
2020 / 08,Queens,12,,,4
2020 / 08,Queens,13,,,4
2020 / 08,Queens,14,,,4
2020 / 07,Queens,1,,,4
2020 / 07,Queens,2,,,4
2020 / 07,Queens,3,,,4
2020 / 07,Queens,4,,,4
2020 / 07,Queens,5,,,4
2020 / 07,Queens,6,,,4
2020 / 07,Queens,7,,,4
2020 / 07,Queens,8,,,4
2020 / 07,Queens,9,,,4
2020 / 07,Queens,10,,,4
2020 / 07,Queens,11,,,4
2020 / 07,Queens,12,,,4
2020 / 07,Queens,13,,,4
2020 / 07,Queens,14,,,4
2020 / 06,Queens,1,,,4
2020 / 06,Queens,2,,,4
2020 / 06,Queens,3,,,4
2020 / 06,Queens,4,,,4
2020 / 06,Queens,5,,,4
2020 / 06,Queens,6,,,4
2020 / 06,Queens,7,,,4
2020 / 06,Queens,8,,,4
2020 / 06,Queens,9,,,4
2020 / 06,Queens,10,,,4
2020 / 06,Queens,11,,,4
2020 / 06,Queens,12,,,4
2020 / 06,Queens,13,,,4
2020 / 06,Queens,14,,,4
2020 / 05,Queens,1,,,4
2020 / 05,Queens,2,5.4,,4
2020 / 05,Queens,3,,,4
2020 / 05,Queens,4,,,4
2020 / 05,Queens,5,8.4,,4
2020 / 05,Queens,6,,,4
2020 / 05,Queens,7,9.5,,4
2020 / 05,Queens,8,3.3,,4
2020 / 05,Queens,9,11.4,,4
2020 / 05,Queens,10,4,,4
2020 / 05,Queens,11,8.9,,4
2020 / 05,Queens,12,,,4
2020 / 05,Queens,13,19.3,,4
2020 / 05,Queens,14,8.4,,4
2020 / 04,Queens,1,,,4
2020 / 04,Queens,2,77.3,,4
2020 / 04,Queens,3,,,4
2020 / 04,Queens,4,,,4
2020 / 04,Queens,5,121.6,,4
2020 / 04,Queens,6,,,4
2020 / 04,Queens,7,113.2,,4
2020 / 04,Queens,8,71.7,,4
2020 / 04,Queens,9,153.9,,4
2020 / 04,Queens,10,57.6,,4
2020 / 04,Queens,11,126.8,,4
2020 / 04,Queens,12,,,4
2020 / 04,Queens,13,196.5,,4
2020 / 04,Queens,14,71.3,,4
2020 / 03,Queens,1,,,4
2020 / 03,Queens,2,76.6,36,4
2020 / 03,Queens,3,,,4
2020 / 03,Queens,4,,,4
2020 / 03,Queens,5,115.6,40.8,4
2020 / 03,Queens,6,,41.8,4
2020 / 03,Queens,7,104.6,,4
2020 / 03,Queens,8,102.9,,4
2020 / 03,Queens,9,158.2,21.6,4
2020 / 03,Queens,10,54.6,,4
2020 / 03,Queens,11,137.6,38.7,4
2020 / 03,Queens,12,,,4
2020 / 03,Queens,13,160.3,,4
2020 / 03,Queens,14,69.5,,4
2020 / 02,Queens,1,,,4
2020 / 02,Queens,2,59.7,53.1,4
2020 / 02,Queens,3,,,4
2020 / 02,Queens,4,,,4
2020 / 02,Queens,5,103.3,55.7,4
2020 / 02,Queens,6,,59.7,4
2020 / 02,Queens,7,91.2,,4
2020 / 02,Queens,8,84.9,,4
2020 / 02,Queens,9,122.5,30.8,4
2020 / 02,Queens,10,55.1,,4
2020 / 02,Queens,11,98.6,61.6,4
2020 / 02,Queens,12,,,4
2020 / 02,Queens,13,127.2,,4
2020 / 02,Queens,14,49.8,,4
2020 / 01,Queens,1,,,4
2020 / 01,Queens,2,75,66.8,4
2020 / 01,Queens,3,,,4
2020 / 01,Queens,4,,,4
2020 / 01,Queens,5,109.9,68.6,4
2020 / 01,Queens,6,,80.3,4
2020 / 01,Queens,7,109.9,,4
2020 / 01,Queens,8,104.5,,4
2020 / 01,Queens,9,164.1,40,4
2020 / 01,Queens,10,56.1,,4
2020 / 01,Queens,11,120.5,82.1,4
2020 / 01,Queens,12,,,4
2020 / 01,Queens,13,172.6,,4
2020 / 01,Queens,14,58.9,,4